Folder Name,Folder Code,Filtered Group Start Date,Filtered Group End Date,Filtered Group Duration,Total Group Start Date,Total Group End Date,Total Group Duration
DELIVERY PHASE,1,7/02/2024,15/01/2027,722,7/02/2024,15/01/2027,722
Pre-Construction,1.1,7/02/2024,6/11/2025,438,7/02/2024,6/11/2025,438
Vibration Monitoring,1.1.1,11/04/2024,9/08/2024,87,11/04/2024,9/08/2024,87
Property Condition Surveys,1.1.2,5/03/2024,21/06/2024,79,5/03/2024,21/06/2024,79
Ground Investigations,1.1.3,7/02/2024,6/11/2025,438,7/02/2024,6/11/2025,438
Site Establishment,1.1.4,8/04/2024,10/04/2025,250,8/04/2024,10/04/2025,250
Temporary Power - North and South,1.1.4.1,8/04/2024,10/04/2024,3,8/04/2024,10/04/2024,3
85 REDACTED St Lay-Down Yard Site Compound,1.1.4.2,6/05/2024,10/04/2025,230,6/05/2024,10/04/2025,230
REDACTED Rd FBA Site Office,1.1.4.3,17/06/2024,21/06/2024,5,17/06/2024,21/06/2024,5
Tydeman Compound ,1.1.4.4,12/06/2024,25/10/2024,97,12/06/2024,25/10/2024,97
Precast Yard,1.1.5,31/05/2024,25/06/2024,18,31/05/2024,25/06/2024,18
Construction,1.2,26/02/2024,15/01/2027,709,26/02/2024,15/01/2027,709
Interface Milestones,1.2.1,4/03/2026,13/11/2026,178,4/03/2026,13/11/2026,178
Permadec Deliveries,1.2.1.1,13/05/2026,27/05/2026,11,13/05/2026,27/05/2026,11
Pre-Construction,1.2.2,26/02/2024,30/07/2025,355,26/02/2024,30/07/2025,355
Development Approval,1.2.2.2,4/06/2024,12/09/2024,73,4/06/2024,12/09/2024,73
Site Compounds,1.2.2.3,18/03/2024,17/03/2025,247,18/03/2024,17/03/2025,247
Swan Hotel Carpark Compound,1.2.2.3.2,11/10/2024,7/02/2025,74,11/10/2024,7/02/2025,74
Beach Street Compound,1.2.2.3.3,4/12/2024,4/02/2025,33,4/12/2024,4/02/2025,33
Beach Street Compound,1.2.2.3.4,10/03/2025,17/03/2025,6,10/03/2025,17/03/2025,6
Enabling Works,1.2.2.4,26/02/2024,19/12/2024,213,26/02/2024,19/12/2024,213
Port Authority Buildings,1.2.2.4.1,15/03/2024,30/04/2024,33,15/03/2024,30/04/2024,33
Traffic Management for HDD,1.2.2.4.2,8/04/2024,22/04/2024,11,8/04/2024,22/04/2024,11
HDD,1.2.2.4.3,7/03/2024,18/12/2024,204,7/03/2024,18/12/2024,204
Approvals,1.2.2.4.3.6[duplicate],6/05/2024,30/08/2024,85,6/05/2024,30/08/2024,85
HDD Site Establishment,1.2.2.4.3.1,7/03/2024,1/08/2024,106,7/03/2024,1/08/2024,106
South of the River,1.2.2.4.3.1.1,7/03/2024,24/06/2024,78,7/03/2024,24/06/2024,78
North of the River,1.2.2.4.3.1.2,25/03/2024,1/08/2024,94,25/03/2024,1/08/2024,94
HDD Construction,1.2.2.4.3.8,21/03/2024,6/08/2024,99,21/03/2024,6/08/2024,99
HDD1 - Communications,1.2.2.4.3.8.1,21/03/2024,14/06/2024,62,21/03/2024,14/06/2024,62
HDD04 - Water 1,1.2.2.4.3.8.4,4/06/2024,6/08/2024,46,4/06/2024,6/08/2024,46
HDD03 & 04 ,1.2.2.4.3.2,7/08/2024,14/12/2024,92,7/08/2024,14/12/2024,92
Documentation / Handover,1.2.2.4.3.4,17/06/2024,28/06/2024,10,17/06/2024,28/06/2024,10
Site Demobilisation,1.2.2.4.3.5,12/12/2024,18/12/2024,5,12/12/2024,18/12/2024,5
Abutment 2 - Site Preparation Works,1.2.2.4.4,26/02/2024,19/12/2024,213,26/02/2024,19/12/2024,213
Approvals,1.2.2.4.4.5,30/05/2024,30/05/2024,1,30/05/2024,30/05/2024,1
Site Establishment & Clearing,1.2.2.4.4.1,15/04/2024,19/12/2024,178,15/04/2024,19/12/2024,178
Gate 3 Temporary Pavement,1.2.2.4.4.1.1,4/06/2024,10/07/2024,27,4/06/2024,10/07/2024,27
South East Temp Jetty Ramp,1.2.2.4.4.2,26/02/2024,26/09/2024,153,26/02/2024,26/09/2024,153
South West Temp Jetty Ramp,1.2.2.4.4.3,13/05/2024,2/10/2024,102,13/05/2024,2/10/2024,102
North of River Site Preparation Works,1.2.2.4.5,29/04/2024,20/11/2024,147,29/04/2024,20/11/2024,147
Approvals,1.2.2.4.5.3,13/05/2024,26/07/2024,55,13/05/2024,26/07/2024,55
North East Temp Jetty Ramp,1.2.2.4.5.1,1/07/2024,18/10/2024,79,1/07/2024,18/10/2024,79
North West Temp Jetty Ramp,1.2.2.4.5.2,29/04/2024,20/11/2024,147,29/04/2024,20/11/2024,147
Construction water bore installation,1.2.2.4.5.4,15/07/2024,18/07/2024,4,15/07/2024,18/07/2024,4
Crane Mobilisation and Assembly,1.2.2.4.6,24/08/2024,15/10/2024,36,24/08/2024,15/10/2024,36
Concrete Trials,1.2.2.4.10,30/09/2024,22/10/2024,17,30/09/2024,22/10/2024,17
Utility Service Relocations,1.2.2.5,1/03/2024,30/07/2025,351,1/03/2024,30/07/2025,351
Approvals,1.2.2.5.5,10/06/2024,5/07/2024,20,10/06/2024,5/07/2024,20
Service Relocation - North of Bridge Queen Victoria Street,1.2.2.5.1,1/03/2024,30/07/2025,351,1/03/2024,30/07/2025,351
Power,1.2.2.5.1.1,1/03/2024,26/03/2024,18,1/03/2024,26/03/2024,18
Western Power,1.2.2.5.1.1.7,1/03/2024,26/03/2024,18,1/03/2024,26/03/2024,18
Watercorp,1.2.2.5.1.13,8/04/2024,10/05/2024,25,8/04/2024,10/05/2024,25
Service Relocation - Removal of Redundant Services,1.2.2.5.2,21/03/2024,22/07/2025,331,21/03/2024,22/07/2025,331
South of River,1.2.2.5.2.3,24/05/2024,22/05/2025,243,24/05/2024,22/05/2025,243
ATCO Gas,1.2.2.5.2.3.12,24/05/2024,30/08/2024,71,24/05/2024,30/08/2024,71
North of River,1.2.2.5.2.3.1,9/05/2025,22/05/2025,10,9/05/2025,22/05/2025,10
Power,1.2.2.5.2.1,21/03/2024,21/03/2024,1,21/03/2024,21/03/2024,1
Western Power,1.2.2.5.2.1.7,21/03/2024,21/03/2024,1,21/03/2024,21/03/2024,1
Telecommunication,1.2.2.5.2.2,4/06/2024,17/04/2025,214,4/06/2024,17/04/2025,214
Telstra,1.2.2.5.2.2.8,4/06/2024,17/04/2025,214,4/06/2024,17/04/2025,214
Water,1.2.2.5.2.4,26/06/2024,22/07/2025,262,26/06/2024,22/07/2025,262
Watercorp,1.2.2.5.2.4.13,26/06/2024,22/07/2025,262,26/06/2024,22/07/2025,262
Service Relocation - Traffic Bridge,1.2.2.5.3,6/08/2024,16/04/2025,168,6/08/2024,16/04/2025,168
Water,1.2.2.5.3.3,6/08/2024,16/04/2025,168,6/08/2024,16/04/2025,168
Watercorp,1.2.2.5.3.3.13,6/08/2024,16/04/2025,168,6/08/2024,16/04/2025,168
Service Locating REDACTED St,1.2.2.5.3.4,4/11/2024,5/11/2024,2,4/11/2024,5/11/2024,2
Service Relocation - South of Bridge Canning Highway,1.2.2.5.4,16/06/2025,25/07/2025,30,16/06/2025,25/07/2025,30
Water,1.2.2.5.4.4,23/07/2025,25/07/2025,3,23/07/2025,25/07/2025,3
Watercorp,1.2.2.5.4.4.13,23/07/2025,25/07/2025,3,23/07/2025,25/07/2025,3
Precast Elements,1.2.2.6,4/11/2024,15/05/2025,123,4/11/2024,15/05/2025,123
Precast Pile Cap Shells,1.2.2.6.3,4/11/2024,15/05/2025,123,4/11/2024,15/05/2025,123
Pilecap shell procurement,1.2.2.6.3.5,4/11/2024,28/01/2025,50,4/11/2024,28/01/2025,50
Pier 1 East (North),1.2.2.6.3.1,13/01/2025,29/04/2025,72,13/01/2025,29/04/2025,72
NE Shell Move,1.2.2.6.3.1.1,18/03/2025,29/04/2025,28,18/03/2025,29/04/2025,28
Pier 2 East (South),1.2.2.6.3.2,13/11/2024,6/03/2025,69,13/11/2024,6/03/2025,69
Pier 2 West (South),1.2.2.6.3.3,4/12/2024,21/03/2025,65,4/12/2024,21/03/2025,65
Pier 1 West (North),1.2.2.6.3.4,24/01/2025,15/05/2025,75,24/01/2025,15/05/2025,75
NW Shell Move,1.2.2.6.3.4.2,15/04/2025,15/05/2025,20,15/04/2025,15/05/2025,20
Structure Works,1.2.3,29/08/2024,28/11/2026,551,29/08/2024,28/11/2026,551
Substructure - Towers and Abutment Edges,1.2.3.1,29/08/2024,20/02/2026,357,29/08/2024,20/02/2026,357
Southern Towers,1.2.3.1.1,6/09/2024,20/02/2026,351,6/09/2024,20/02/2026,351
Tower 2 East (South),1.2.3.1.1.1,6/09/2024,20/02/2026,351,6/09/2024,20/02/2026,351
Construct Load Out Platform & Mobilise Load-Out Crane,1.2.3.1.1.1.2,6/09/2024,26/11/2024,57,6/09/2024,26/11/2024,57
SE Span 1,1.2.3.1.1.1.2.3,6/09/2024,2/11/2024,40,6/09/2024,2/11/2024,40
SE Temp Jetty - Span 2 & Superlift Bay,1.2.3.1.1.1.2.4,4/11/2024,26/11/2024,17,4/11/2024,26/11/2024,17
Walkways,1.2.3.1.1.1.2.5,12/11/2024,18/11/2024,5,12/11/2024,18/11/2024,5
SE - Piling & Muck-Out,1.2.3.1.1.1.3,12/11/2024,24/02/2025,63,12/11/2024,24/02/2025,63
SE - Temporary Works Set-up,1.2.3.1.1.1.3.4,12/11/2024,3/12/2024,16,12/11/2024,3/12/2024,16
SE - Piles - Row 1,1.2.3.1.1.1.3.5,13/12/2024,15/01/2025,13,13/12/2024,15/01/2025,13
SE - Install Piles (1st Length),1.2.3.1.1.1.3.5.1,13/12/2024,17/12/2024,3,13/12/2024,17/12/2024,3
SE - Splice Piles (2nd Length),1.2.3.1.1.1.3.5.2,11/01/2025,15/01/2025,3,11/01/2025,15/01/2025,3
SE - Piles - Row 2,1.2.3.1.1.1.3.6,18/12/2024,17/01/2025,12,18/12/2024,17/01/2025,12
SE - Install Piles (1st Length),1.2.3.1.1.1.3.6.1,18/12/2024,10/01/2025,7,18/12/2024,10/01/2025,7
SE - Splice Piles (2nd Length),1.2.3.1.1.1.3.6.2,15/01/2025,17/01/2025,3,15/01/2025,17/01/2025,3
SE - Drilling of Piles,1.2.3.1.1.1.3.7,1/02/2025,24/02/2025,16,1/02/2025,24/02/2025,16
SE - Temporary Works Removal and Final Pile Driving,1.2.3.1.1.1.3.1[duplicate],17/01/2025,31/01/2025,10,17/01/2025,31/01/2025,10
"SE - Pile Cap Shell, Pile Casting",1.2.3.1.1.1.4,25/02/2025,23/04/2025,39,25/02/2025,23/04/2025,39
Pile Cap Infill,1.2.3.1.1.1.5,12/02/2025,24/05/2025,69,12/02/2025,24/05/2025,69
Temporary Works,1.2.3.1.1.1.5.3,19/02/2025,4/04/2025,32,19/02/2025,4/04/2025,32
Stools & Beams for Pile Cap Reinforcement,1.2.3.1.1.1.5.3.1,5/03/2025,13/03/2025,7,5/03/2025,13/03/2025,7
Lower Pylon Starter Frame,1.2.3.1.1.1.5.3.3,4/03/2025,4/04/2025,24,4/03/2025,4/04/2025,24
Pile Cap Kicker Frame,1.2.3.1.1.1.5.3.2,19/02/2025,21/03/2025,22,19/02/2025,21/03/2025,22
Prefabrication,1.2.3.1.1.1.5.1,12/03/2025,7/05/2025,38,12/03/2025,7/05/2025,38
Pile Cap Infill,1.2.3.1.1.1.5.1.1,12/03/2025,16/04/2025,26,12/03/2025,16/04/2025,26
Pile Cap Starterbars,1.2.3.1.1.1.5.1.2,23/04/2025,7/05/2025,10,23/04/2025,7/05/2025,10
In-Situ Works,1.2.3.1.1.1.5.2,12/02/2025,24/05/2025,69,12/02/2025,24/05/2025,69
lower Tower,1.2.3.1.1.1.6,17/02/2025,10/07/2025,99,17/02/2025,10/07/2025,99
Temporary Works,1.2.3.1.1.1.6.3,17/02/2025,29/05/2025,70,17/02/2025,29/05/2025,70
Lower Tower Rebar Frame,1.2.3.1.1.1.6.3.1,14/03/2025,29/05/2025,52,14/03/2025,29/05/2025,52
Grillage,1.2.3.1.1.1.6.3.2,4/03/2025,23/05/2025,56,4/03/2025,23/05/2025,56
Lower Tower Formwork,1.2.3.1.1.1.6.3.3,17/02/2025,1/05/2025,50,17/02/2025,1/05/2025,50
Prefabrication,1.2.3.1.1.1.6.1,5/05/2025,23/06/2025,35,5/05/2025,23/06/2025,35
In-Situ Works,1.2.3.1.1.1.6.2,28/05/2025,10/07/2025,31,28/05/2025,10/07/2025,31
Segment 0,1.2.3.1.1.1.7,28/05/2025,8/10/2025,94,28/05/2025,8/10/2025,94
Prefabrication,1.2.3.1.1.1.7.1,28/05/2025,21/07/2025,38,28/05/2025,21/07/2025,38
In-Situ Works,1.2.3.1.1.1.7.2,3/07/2025,8/10/2025,69,3/07/2025,8/10/2025,69
Super-Structure,1.2.3.1.1.1.7.3,18/08/2025,20/09/2025,25,18/08/2025,20/09/2025,25
Pour 3,1.2.3.1.1.1.8,23/06/2025,17/10/2025,84,23/06/2025,17/10/2025,84
Prefabrication,1.2.3.1.1.1.8.1,23/06/2025,8/09/2025,56,23/06/2025,8/09/2025,56
In-Situ Works,1.2.3.1.1.1.8.2,4/09/2025,17/10/2025,31,4/09/2025,17/10/2025,31
Pour 4,1.2.3.1.1.1.9,8/08/2025,17/10/2025,50,8/08/2025,17/10/2025,50
Prefabrication,1.2.3.1.1.1.9.1,8/08/2025,25/09/2025,35,8/08/2025,25/09/2025,35
In-Situ Works,1.2.3.1.1.1.9.2,24/09/2025,17/10/2025,17,24/09/2025,17/10/2025,17
Pour 5,1.2.3.1.1.1.10,11/08/2025,18/10/2025,49,11/08/2025,18/10/2025,49
Prefabrication,1.2.3.1.1.1.10.1,11/08/2025,10/10/2025,44,11/08/2025,10/10/2025,44
In-Situ Works,1.2.3.1.1.1.10.2,9/10/2025,18/10/2025,7,9/10/2025,18/10/2025,7
Pour 6,1.2.3.1.1.1.11,15/09/2025,3/11/2025,35,15/09/2025,3/11/2025,35
Prefabrication,1.2.3.1.1.1.11.1,15/09/2025,17/10/2025,24,15/09/2025,17/10/2025,24
In-Situ Works,1.2.3.1.1.1.11.2,16/10/2025,3/11/2025,13,16/10/2025,3/11/2025,13
Pour 7,1.2.3.1.1.1.12,30/09/2025,14/11/2025,34,30/09/2025,14/11/2025,34
Prefabrication,1.2.3.1.1.1.12.1,30/09/2025,30/10/2025,23,30/09/2025,30/10/2025,23
In-Situ Works,1.2.3.1.1.1.12.2,28/10/2025,14/11/2025,14,28/10/2025,14/11/2025,14
SE Jetty Extension,1.2.3.1.1.1.13,22/09/2025,31/10/2025,29,22/09/2025,31/10/2025,29
Concrete repair works,1.2.3.1.1.1.14,20/11/2025,20/02/2026,56,20/11/2025,20/02/2026,56
Tower 2 West (South),1.2.3.1.1.2,7/10/2024,21/01/2026,310,7/10/2024,21/01/2026,310
Construct Load Out Platform & Mobilise Load-Out Crane,1.2.3.1.1.2.2,7/10/2024,4/12/2024,43,7/10/2024,4/12/2024,43
SW - Bent 1 & Bent 2,1.2.3.1.1.2.2.2,7/10/2024,15/11/2024,30,7/10/2024,15/11/2024,30
SW - Bent 3,1.2.3.1.1.2.2.3,14/11/2024,29/11/2024,12,14/11/2024,29/11/2024,12
SW - Superlift Bay,1.2.3.1.1.2.2.4,21/11/2024,4/12/2024,10,21/11/2024,4/12/2024,10
SW - Walkways,1.2.3.1.1.2.2.5,28/11/2024,30/11/2024,2,28/11/2024,30/11/2024,2
SW - Piling & Muck-Out,1.2.3.1.1.2.3,2/12/2024,14/03/2025,62,2/12/2024,14/03/2025,62
SW - Temporary Works Set-up,1.2.3.1.1.2.3.4,2/12/2024,18/12/2024,13,2/12/2024,18/12/2024,13
SW - Piles - Row 1,1.2.3.1.1.2.3.5,18/12/2024,23/01/2025,16,18/12/2024,23/01/2025,16
SW - Install Piles (1st Length),1.2.3.1.1.2.3.5.1,18/12/2024,11/01/2025,7,18/12/2024,11/01/2025,7
SW - Splice Piles (2nd Length),1.2.3.1.1.2.3.5.2,17/01/2025,23/01/2025,5,17/01/2025,23/01/2025,5
SW - Piles - Row 2,1.2.3.1.1.2.3.6,11/01/2025,30/01/2025,13,11/01/2025,30/01/2025,13
SW - Install Piles (1st Length),1.2.3.1.1.2.3.6.1,11/01/2025,15/01/2025,3,11/01/2025,15/01/2025,3
SW - Splice Piles (2nd Length),1.2.3.1.1.2.3.6.2,22/01/2025,30/01/2025,6,22/01/2025,30/01/2025,6
SW - Temporary Works Removal and Final Pile Driving,1.2.3.1.1.2.3.1[duplicate],1/02/2025,22/02/2025,15,1/02/2025,22/02/2025,15
SW - Drilling of Piles,1.2.3.1.1.2.3.7,13/02/2025,14/03/2025,21,13/02/2025,14/03/2025,21
"SW - Pile Cap Shell, Pile Casting and Scour",1.2.3.1.1.2.8[duplicate],15/03/2025,30/04/2025,30,15/03/2025,30/04/2025,30
Pile Cap Infill,1.2.3.1.1.2.1[duplicate],28/02/2025,4/06/2025,64,28/02/2025,4/06/2025,64
Temporary Works,1.2.3.1.1.2.1[duplicate].3,28/02/2025,5/05/2025,43,28/02/2025,5/05/2025,43
Stools & Beams for Pile Cap Reinforcement,1.2.3.1.1.2.1[duplicate].3.1,2/04/2025,3/04/2025,2,2/04/2025,3/04/2025,2
Lower Pylon Starter Frame,1.2.3.1.1.2.1[duplicate].3.2,28/02/2025,28/04/2025,38,28/02/2025,28/04/2025,38
Pile Cap Kicker Form,1.2.3.1.1.2.1[duplicate].3.3,21/03/2025,5/05/2025,29,21/03/2025,5/05/2025,29
Prefabrication,1.2.3.1.1.2.1[duplicate].1,2/04/2025,5/05/2025,21,2/04/2025,5/05/2025,21
Pile Cap Infill,1.2.3.1.1.2.1[duplicate].1.1,2/04/2025,5/05/2025,21,2/04/2025,5/05/2025,21
Pile Cap Starterbars,1.2.3.1.1.2.1[duplicate].1.2,23/04/2025,2/05/2025,7,23/04/2025,2/05/2025,7
In-Situ Works,1.2.3.1.1.2.1[duplicate].2,22/04/2025,4/06/2025,30,22/04/2025,4/06/2025,30
lower Tower,1.2.3.1.1.2.2[duplicate],21/03/2025,18/07/2025,82,21/03/2025,18/07/2025,82
Temporary Works,1.2.3.1.1.2.2[duplicate].3,21/03/2025,4/06/2025,50,21/03/2025,4/06/2025,50
Lower Tower Rebar Frame,1.2.3.1.1.2.2[duplicate].3.1,28/03/2025,29/05/2025,42,28/03/2025,29/05/2025,42
Grillage,1.2.3.1.1.2.2[duplicate].3.2,21/03/2025,4/06/2025,50,21/03/2025,4/06/2025,50
Lower Tower Formwork,1.2.3.1.1.2.2[duplicate].3.3,4/04/2025,19/05/2025,29,4/04/2025,19/05/2025,29
Prefabrication,1.2.3.1.1.2.2[duplicate].1,28/05/2025,1/07/2025,24,28/05/2025,1/07/2025,24
In-Situ Works,1.2.3.1.1.2.2[duplicate].2,6/06/2025,18/07/2025,31,6/06/2025,18/07/2025,31
Segment 0,1.2.3.1.1.2.3[duplicate],3/06/2025,11/10/2025,93,3/06/2025,11/10/2025,93
Prefabrication,1.2.3.1.1.2.3[duplicate].1,3/06/2025,23/07/2025,37,3/06/2025,23/07/2025,37
In-Situ Works,1.2.3.1.1.2.3[duplicate].2,19/07/2025,11/10/2025,59,19/07/2025,11/10/2025,59
Super-Structure,1.2.3.1.1.2.3[duplicate].3,28/08/2025,26/09/2025,22,28/08/2025,26/09/2025,22
Pour 3,1.2.3.1.1.2.4[duplicate],8/07/2025,30/09/2025,60,8/07/2025,30/09/2025,60
Prefabrication,1.2.3.1.1.2.4[duplicate].1,8/07/2025,6/09/2025,44,8/07/2025,6/09/2025,44
In-Situ Works,1.2.3.1.1.2.4[duplicate].2,11/09/2025,30/09/2025,13,11/09/2025,30/09/2025,13
Pour 4,1.2.3.1.1.2.5[duplicate],15/08/2025,15/10/2025,43,15/08/2025,15/10/2025,43
Prefabrication,1.2.3.1.1.2.5[duplicate].1,15/08/2025,2/10/2025,34,15/08/2025,2/10/2025,34
In-Situ Works,1.2.3.1.1.2.5[duplicate].2,1/10/2025,15/10/2025,11,1/10/2025,15/10/2025,11
Pour 5,1.2.3.1.1.2.6[duplicate],9/09/2025,21/10/2025,30,9/09/2025,21/10/2025,30
Prefabrication,1.2.3.1.1.2.6[duplicate].1,9/09/2025,11/10/2025,23,9/09/2025,11/10/2025,23
In-Situ Works,1.2.3.1.1.2.6[duplicate].2,13/10/2025,21/10/2025,7,13/10/2025,21/10/2025,7
Pour 6,1.2.3.1.1.2.11[duplicate],26/09/2025,30/10/2025,24,26/09/2025,30/10/2025,24
Prefabrication,1.2.3.1.1.2.11[duplicate].1,26/09/2025,18/10/2025,15,26/09/2025,18/10/2025,15
In-Situ Works,1.2.3.1.1.2.11[duplicate].2,19/10/2025,30/10/2025,9,19/10/2025,30/10/2025,9
Pour 7,1.2.3.1.1.2.12[duplicate],8/10/2025,21/01/2026,66,8/10/2025,21/01/2026,66
Prefabrication,1.2.3.1.1.2.12[duplicate].1,8/10/2025,4/11/2025,20,8/10/2025,4/11/2025,20
In-Situ Works,1.2.3.1.1.2.12[duplicate].2,3/11/2025,15/11/2025,10,3/11/2025,15/11/2025,10
Concrete repair works,1.2.3.1.1.2.12[duplicate].14[duplicate],20/11/2025,21/01/2026,35,20/11/2025,21/01/2026,35
Northern Towers,1.2.3.1.2,29/08/2024,11/02/2026,350,29/08/2024,11/02/2026,350
Tower 1 East (North),1.2.3.1.2.1,29/08/2024,11/02/2026,350,29/08/2024,11/02/2026,350
Construct Load Out Platform & Mobilise Load-Out Crane,1.2.3.1.2.1.2,29/08/2024,28/03/2025,138,29/08/2024,28/03/2025,138
NE - Bent 1,1.2.3.1.2.1.2.2,29/08/2024,4/10/2024,26,29/08/2024,4/10/2024,26
NE - Bent 2,1.2.3.1.2.1.2.3,25/09/2024,18/10/2024,18,25/09/2024,18/10/2024,18
NE - Bent 3,1.2.3.1.2.1.2.4,19/10/2024,7/11/2024,14,19/10/2024,7/11/2024,14
NE - Bent 4,1.2.3.1.2.1.2.6,8/11/2024,22/11/2024,11,8/11/2024,22/11/2024,11
NE - Bent 5,1.2.3.1.2.1.2.7,21/11/2024,4/12/2024,10,21/11/2024,4/12/2024,10
NE - Bent 6,1.2.3.1.2.1.2.8,2/12/2024,13/12/2024,10,2/12/2024,13/12/2024,10
NE - Bent 7,1.2.3.1.2.1.2.9,13/12/2024,7/02/2025,29,13/12/2024,7/02/2025,29
NE - Superlift Bays Only (2No.),1.2.3.1.2.1.2.10,13/12/2024,20/02/2025,38,13/12/2024,20/02/2025,38
NE - Walkways,1.2.3.1.2.1.2.5,31/01/2025,28/03/2025,40,31/01/2025,28/03/2025,40
N E - Piling & Muck-Out,1.2.3.1.2.1.3,7/02/2025,20/05/2025,69,7/02/2025,20/05/2025,69
NE - Temporary Works Set-up,1.2.3.1.2.1.3.4,7/02/2025,3/04/2025,39,7/02/2025,3/04/2025,39
NE - Piles - Row 1,1.2.3.1.2.1.3.2,24/02/2025,27/03/2025,23,24/02/2025,27/03/2025,23
Install Piles (1st Length),1.2.3.1.2.1.3.2.1,24/02/2025,26/02/2025,3,24/02/2025,26/02/2025,3
NE - Splice Piles (2nd Length),1.2.3.1.2.1.3.2.2,28/02/2025,8/03/2025,5,28/02/2025,8/03/2025,5
NE - Splice Piles (3rd Length),1.2.3.1.2.1.3.2.3,10/03/2025,27/03/2025,14,10/03/2025,27/03/2025,14
NE - Piles - Row 2,1.2.3.1.2.1.3.3,27/02/2025,18/03/2025,13,27/02/2025,18/03/2025,13
NE - Install Piles (1st Length),1.2.3.1.2.1.3.3.1,27/02/2025,27/02/2025,1,27/02/2025,27/02/2025,1
NE - Splice Piles (2nd Length),1.2.3.1.2.1.3.3.2,6/03/2025,8/03/2025,2,6/03/2025,8/03/2025,2
NE - Splice Piles (3rd Length),1.2.3.1.2.1.3.3.3,13/03/2025,18/03/2025,4,13/03/2025,18/03/2025,4
NE - Drilling Piles,1.2.3.1.2.1.3.5,28/03/2025,10/04/2025,10,28/03/2025,10/04/2025,10
NE - Temporary Works Removal,1.2.3.1.2.1.3.1[duplicate],18/03/2025,19/03/2025,2,18/03/2025,19/03/2025,2
"NE - Pile Cap Shell, Pile Casting and Scour",1.2.3.1.2.1.3.6,11/04/2025,20/05/2025,25,11/04/2025,20/05/2025,25
NE - Scour,1.2.3.1.2.1.7[duplicate],10/02/2025,27/02/2025,14,10/02/2025,27/02/2025,14
Pile Cap Infill,1.2.3.1.2.1.1[duplicate],29/04/2025,13/06/2025,33,29/04/2025,13/06/2025,33
Prefabrication,1.2.3.1.2.1.1[duplicate].1,29/04/2025,24/05/2025,19,29/04/2025,24/05/2025,19
Pile Cap Infill,1.2.3.1.2.1.1[duplicate].1.1,29/04/2025,21/05/2025,17,29/04/2025,21/05/2025,17
Pile Cap Starterbars,1.2.3.1.2.1.1[duplicate].1.2,16/05/2025,24/05/2025,6,16/05/2025,24/05/2025,6
In-Situ Works,1.2.3.1.2.1.1[duplicate].2,16/05/2025,13/06/2025,20,16/05/2025,13/06/2025,20
Lower Tower,1.2.3.1.2.1.2[duplicate],6/06/2025,29/07/2025,38,6/06/2025,29/07/2025,38
Prefabrication,1.2.3.1.2.1.2[duplicate].1,6/06/2025,12/07/2025,26,6/06/2025,12/07/2025,26
In-Situ Works,1.2.3.1.2.1.2[duplicate].2,25/06/2025,29/07/2025,25,25/06/2025,29/07/2025,25
Segment 0,1.2.3.1.2.1.3[duplicate],20/05/2025,15/10/2025,105,20/05/2025,15/10/2025,105
Prefabrication,1.2.3.1.2.1.3[duplicate].1,17/07/2025,29/07/2025,9,17/07/2025,29/07/2025,9
In-Situ Works,1.2.3.1.2.1.3[duplicate].2,1/08/2025,15/10/2025,53,1/08/2025,15/10/2025,53
Super-Structure,1.2.3.1.2.1.3[duplicate].3,20/05/2025,11/10/2025,102,20/05/2025,11/10/2025,102
Pour 3,1.2.3.1.2.1.4,14/07/2025,24/10/2025,74,14/07/2025,24/10/2025,74
In-Situ Works,1.2.3.1.2.1.4.2,3/10/2025,24/10/2025,16,3/10/2025,24/10/2025,16
Prefabrication,1.2.3.1.2.1.4.1,14/07/2025,7/10/2025,61,14/07/2025,7/10/2025,61
Pour 4,1.2.3.1.2.1.5,26/08/2025,25/10/2025,43,26/08/2025,25/10/2025,43
In-Situ Works,1.2.3.1.2.1.5.2,14/10/2025,25/10/2025,9,14/10/2025,25/10/2025,9
Prefabrication,1.2.3.1.2.1.5.1,26/08/2025,20/10/2025,39,26/08/2025,20/10/2025,39
Pour 5,1.2.3.1.2.1.6,13/09/2025,4/11/2025,36,13/09/2025,4/11/2025,36
Prefabrication,1.2.3.1.2.1.6.1,13/09/2025,23/10/2025,28,13/09/2025,23/10/2025,28
In-Situ Works,1.2.3.1.2.1.6.2,23/10/2025,4/11/2025,9,23/10/2025,4/11/2025,9
Pour 6,1.2.3.1.2.1.7,22/09/2025,14/11/2025,39,22/09/2025,14/11/2025,39
Prefabrication,1.2.3.1.2.1.7.1,22/09/2025,1/11/2025,29,22/09/2025,1/11/2025,29
In-Situ Works,1.2.3.1.2.1.7.2,3/11/2025,14/11/2025,10,3/11/2025,14/11/2025,10
Pour 7,1.2.3.1.2.1.8,27/10/2025,11/02/2026,67,27/10/2025,11/02/2026,67
Prefabrication,1.2.3.1.2.1.8.1,27/10/2025,13/11/2025,14,27/10/2025,13/11/2025,14
In-Situ Works,1.2.3.1.2.1.8.2,13/11/2025,26/11/2025,10,13/11/2025,26/11/2025,10
Concrete repair works,1.2.3.1.2.1.8.14[duplicate][duplicate],27/11/2025,11/02/2026,44,27/11/2025,11/02/2026,44
Tower 1 West (North),1.2.3.1.2.2,7/10/2024,13/01/2026,304,7/10/2024,13/01/2026,304
Construct Load Out Platform & Mobilise Load-Out Crane,1.2.3.1.2.2.2,7/10/2024,11/04/2025,122,7/10/2024,11/04/2025,122
NW - Bent 1,1.2.3.1.2.2.2.2,7/10/2024,7/11/2024,24,7/10/2024,7/11/2024,24
NW - Bent 2,1.2.3.1.2.2.2.3,8/11/2024,29/11/2024,16,8/11/2024,29/11/2024,16
NW - Bent 3,1.2.3.1.2.2.2.4,19/11/2024,11/12/2024,17,19/11/2024,11/12/2024,17
NW - Bent 4,1.2.3.1.2.2.2.6,11/12/2024,6/01/2025,8,11/12/2024,6/01/2025,8
NW - Bent 5,1.2.3.1.2.2.2.7,7/01/2025,18/01/2025,9,7/01/2025,18/01/2025,9
NW - Bent 6,1.2.3.1.2.2.2.8,21/01/2025,17/02/2025,19,21/01/2025,17/02/2025,19
NW - Superlift Bay,1.2.3.1.2.2.2.9,17/01/2025,20/02/2025,24,17/01/2025,20/02/2025,24
NW - Walkways,1.2.3.1.2.2.2.5,18/02/2025,11/04/2025,38,18/02/2025,11/04/2025,38
NW - Piling & Muck-Out,1.2.3.1.2.2.3,18/02/2025,30/05/2025,70,18/02/2025,30/05/2025,70
NW - Temporary Works Set-up,1.2.3.1.2.2.3.4,21/02/2025,25/02/2025,3,21/02/2025,25/02/2025,3
NW - Piles - Row 1,1.2.3.1.2.2.3.5,26/02/2025,7/04/2025,28,26/02/2025,7/04/2025,28
NW - Install Piles (1st Length),1.2.3.1.2.2.3.5.1,26/02/2025,27/02/2025,2,26/02/2025,27/02/2025,2
NW - Splice Piles (2nd Length),1.2.3.1.2.2.3.5.2,4/03/2025,18/03/2025,11,4/03/2025,18/03/2025,11
NW - Splice Piles (3rd Length),1.2.3.1.2.2.3.5.1[duplicate],15/03/2025,7/04/2025,16,15/03/2025,7/04/2025,16
NW - Piles - Row 2,1.2.3.1.2.2.3.6,28/02/2025,5/04/2025,25,28/02/2025,5/04/2025,25
NW - Install Piles (1st Length),1.2.3.1.2.2.3.6.1,28/02/2025,28/02/2025,1,28/02/2025,28/02/2025,1
NW - Splice Piles (2nd Length),1.2.3.1.2.2.3.6.2,10/03/2025,19/03/2025,8,10/03/2025,19/03/2025,8
NW - Splice Piles (3rd Length),1.2.3.1.2.2.3.6.4,17/03/2025,5/04/2025,15,17/03/2025,5/04/2025,15
NW - Drilling of Piles,1.2.3.1.2.2.3.7,10/04/2025,28/04/2025,10,10/04/2025,28/04/2025,10
NW - Temporary Works Removal,1.2.3.1.2.2.3.1[duplicate],28/03/2025,28/03/2025,1,28/03/2025,28/03/2025,1
"NW - Pile Cap Shell, Pile Casting and Scour",1.2.3.1.2.2.3.8,18/02/2025,30/05/2025,70,18/02/2025,30/05/2025,70
Pile Cap Infill,1.2.3.1.2.2.1[duplicate],12/05/2025,25/06/2025,32,12/05/2025,25/06/2025,32
Prefabrication,1.2.3.1.2.2.1[duplicate].1,12/05/2025,6/06/2025,19,12/05/2025,6/06/2025,19
Pile Cap Infill,1.2.3.1.2.2.1[duplicate].1.1,12/05/2025,4/06/2025,17,12/05/2025,4/06/2025,17
Pile Cap Starterbars,1.2.3.1.2.2.1[duplicate].1.2,24/05/2025,6/06/2025,9,24/05/2025,6/06/2025,9
In-Situ Works,1.2.3.1.2.2.1[duplicate].2,28/05/2025,25/06/2025,20,28/05/2025,25/06/2025,20
lower Tower,1.2.3.1.2.2.2[duplicate],13/06/2025,5/08/2025,38,13/06/2025,5/08/2025,38
Prefabrication,1.2.3.1.2.2.2[duplicate].1,13/06/2025,22/07/2025,28,13/06/2025,22/07/2025,28
In-Situ Works,1.2.3.1.2.2.2[duplicate].2,25/06/2025,5/08/2025,30,25/06/2025,5/08/2025,30
Segment 0,1.2.3.1.2.2.3[duplicate],17/07/2025,14/10/2025,63,17/07/2025,14/10/2025,63
Prefabrication,1.2.3.1.2.2.3[duplicate].1,17/07/2025,1/08/2025,12,17/07/2025,1/08/2025,12
In-Situ Works,1.2.3.1.2.2.3[duplicate].2,6/08/2025,14/10/2025,49,6/08/2025,14/10/2025,49
Super-Structure,1.2.3.1.2.2.3[duplicate].3,16/09/2025,7/10/2025,15,16/09/2025,7/10/2025,15
Pour 3,1.2.3.1.2.2.4[duplicate],30/06/2025,10/10/2025,74,30/06/2025,10/10/2025,74
Prefabrication,1.2.3.1.2.2.4[duplicate].1,30/06/2025,7/10/2025,71,30/06/2025,7/10/2025,71
In-Situ Works,1.2.3.1.2.2.4[duplicate].2,27/09/2025,10/10/2025,9,27/09/2025,10/10/2025,9
Pour 4,1.2.3.1.2.2.5[duplicate],29/08/2025,20/10/2025,36,29/08/2025,20/10/2025,36
Prefabrication,1.2.3.1.2.2.5[duplicate].1,29/08/2025,10/10/2025,30,29/08/2025,10/10/2025,30
In-Situ Works,1.2.3.1.2.2.5[duplicate].2,11/10/2025,20/10/2025,6,11/10/2025,20/10/2025,6
Pour 5,1.2.3.1.2.2.6[duplicate],19/09/2025,3/11/2025,31,19/09/2025,3/11/2025,31
Prefabrication,1.2.3.1.2.2.6[duplicate].1,19/09/2025,21/10/2025,22,19/09/2025,21/10/2025,22
In-Situ Works,1.2.3.1.2.2.6[duplicate].2,20/10/2025,3/11/2025,11,20/10/2025,3/11/2025,11
Pour 6,1.2.3.1.2.2.7[duplicate],3/10/2025,7/11/2025,26,3/10/2025,7/11/2025,26
Prefabrication,1.2.3.1.2.2.7[duplicate].1,3/10/2025,1/11/2025,21,3/10/2025,1/11/2025,21
In-Situ Works,1.2.3.1.2.2.7[duplicate].2,15/10/2025,7/11/2025,18,15/10/2025,7/11/2025,18
Pour 7,1.2.3.1.2.2.8[duplicate],22/10/2025,13/01/2026,50,22/10/2025,13/01/2026,50
Prefabrication,1.2.3.1.2.2.8[duplicate].1,22/10/2025,15/11/2025,18,22/10/2025,15/11/2025,18
In-Situ Works,1.2.3.1.2.2.8[duplicate].2,7/11/2025,24/11/2025,12,7/11/2025,24/11/2025,12
Concrete repair works,1.2.3.1.2.2.8[duplicate].14[duplicate][duplicate][duplicate],26/11/2025,13/01/2026,25,26/11/2025,13/01/2026,25
Abutment Edges (Pre-Bridge Closure),1.2.3.1.3,7/01/2025,3/02/2026,263,7/01/2025,3/02/2026,263
Northern Approach,1.2.3.1.3.2,23/01/2025,30/01/2026,249,23/01/2025,30/01/2026,249
North East Abutment,1.2.3.1.3.2.4,23/01/2025,3/12/2025,218,23/01/2025,3/12/2025,218
"Access, Sheet Piling & Piling Pad",1.2.3.1.3.2.4.1,23/01/2025,31/03/2025,46,23/01/2025,31/03/2025,46
NE Bored Piling Installation,1.2.3.1.3.2.4.2,28/03/2025,13/05/2025,30,28/03/2025,13/05/2025,30
Pile cap construction,1.2.3.1.3.2.4.3,14/04/2025,3/07/2025,55,14/04/2025,3/07/2025,55
Bearing Pedestal,1.2.3.1.3.2.4.4,29/05/2025,3/06/2025,3,29/05/2025,3/06/2025,3
Wingwall and Cheekwall,1.2.3.1.3.2.4.4[duplicate],11/08/2025,13/10/2025,45,11/08/2025,13/10/2025,45
Shear Key,1.2.3.1.3.2.4.6,17/09/2025,21/10/2025,24,17/09/2025,21/10/2025,24
Falsework Pad Works,1.2.3.1.3.2.4.7,11/08/2025,3/12/2025,82,11/08/2025,3/12/2025,82
North West Abutment,1.2.3.1.3.2.5,23/01/2025,4/11/2025,197,23/01/2025,4/11/2025,197
Falsework Pad Works,1.2.3.1.3.2.5.7,11/08/2025,19/08/2025,7,11/08/2025,19/08/2025,7
"Access, Sheet Piling & Piling Pad",1.2.3.1.3.2.5.1,23/01/2025,1/05/2025,66,23/01/2025,1/05/2025,66
NW Bored Pile Installation,1.2.3.1.3.2.5.2,9/04/2025,27/05/2025,32,9/04/2025,27/05/2025,32
Pile cap construction,1.2.3.1.3.2.5.3,21/05/2025,3/07/2025,31,21/05/2025,3/07/2025,31
Bearing Pedestal,1.2.3.1.3.2.5.4,13/06/2025,13/06/2025,1,13/06/2025,13/06/2025,1
Wingwall and Cheekwall,1.2.3.1.3.2.5.3[duplicate],20/08/2025,17/10/2025,42,20/08/2025,17/10/2025,42
Shear Key,1.2.3.1.3.2.5.6,1/10/2025,29/10/2025,21,1/10/2025,29/10/2025,21
Kwong Alley Wall,1.2.3.1.3.2.3,30/06/2025,6/01/2026,126,30/06/2025,6/01/2026,126
North East / Kwong Alley,1.2.3.1.3.2.7,29/01/2026,30/01/2026,2,29/01/2026,30/01/2026,2
Southern Approach,1.2.3.1.3.12,7/01/2025,3/02/2026,263,7/01/2025,3/02/2026,263
South - E&W - General,1.2.3.1.3.12.5,7/01/2025,20/10/2025,198,7/01/2025,20/10/2025,198
Superlift Excavation Works,1.2.3.1.3.12.5.3,16/10/2025,20/10/2025,3,16/10/2025,20/10/2025,3
South East Abutment,1.2.3.1.3.12.1,24/02/2025,3/02/2026,230,24/02/2025,3/02/2026,230
Temp Retaining wall along road,1.2.3.1.3.12.1.1,24/02/2025,24/04/2025,41,24/02/2025,24/04/2025,41
Perm King Posts & Bored Piles,1.2.3.1.3.12.1.2,28/04/2025,27/06/2025,44,28/04/2025,27/06/2025,44
SE Batter Retention Works,1.2.3.1.3.12.1.4,14/10/2025,5/12/2025,39,14/10/2025,5/12/2025,39
South-East Abutment FRP,1.2.3.1.3.12.1.3,16/06/2025,15/12/2025,130,16/06/2025,15/12/2025,130
RW-M6,1.2.3.1.3.12.1.3.1,2/10/2025,28/10/2025,19,2/10/2025,28/10/2025,19
Shear Key,1.2.3.1.3.12.1.3.2,24/09/2025,15/10/2025,15,24/09/2025,15/10/2025,15
Front Wall Rectification,1.2.3.1.3.12.1.3.3,15/09/2025,27/10/2025,30,15/09/2025,27/10/2025,30
Subsoil Drainage,1.2.3.1.3.12.1.5,27/01/2026,3/02/2026,6,27/01/2026,3/02/2026,6
South West Abutment,1.2.3.1.3.12.2,14/02/2025,14/01/2026,223,14/02/2025,14/01/2026,223
SW Batter Retention Works,1.2.3.1.3.12.2.7,15/10/2025,5/12/2025,38,15/10/2025,5/12/2025,38
Temp Retaining wall along road,1.2.3.1.3.12.2.1,14/02/2025,13/05/2025,59,14/02/2025,13/05/2025,59
Perm King Posts & Bored Piles,1.2.3.1.3.12.2.2,13/05/2025,16/07/2025,46,13/05/2025,16/07/2025,46
South-West Abutment FRP,1.2.3.1.3.12.2.3,3/07/2025,14/01/2026,129,3/07/2025,14/01/2026,129
RW-M5 Base,1.2.3.1.3.12.2.3.1,3/10/2025,4/11/2025,23,3/10/2025,4/11/2025,23
RW-M5 Wall,1.2.3.1.3.12.2.3.2,3/11/2025,28/11/2025,20,3/11/2025,28/11/2025,20
Segment 0 Trial,1.2.3.1.4,22/04/2025,30/06/2025,48,22/04/2025,30/06/2025,48
Temporary Works,1.2.3.1.4.1,22/04/2025,13/05/2025,15,22/04/2025,13/05/2025,15
Steel Fabrication,1.2.3.1.4.2,14/05/2025,9/06/2025,18,14/05/2025,9/06/2025,18
Prefabrication of Slices,1.2.3.1.4.3,9/05/2025,4/06/2025,18,9/05/2025,4/06/2025,18
Insitu Works,1.2.3.1.4.4,23/05/2025,30/06/2025,26,23/05/2025,30/06/2025,26
Backspan,1.2.3.1.5,5/11/2025,23/01/2026,48,5/11/2025,23/01/2026,48
South-East,1.2.3.1.5.1,5/11/2025,12/12/2025,28,5/11/2025,12/12/2025,28
Bearings,1.2.3.1.5.1.1,7/11/2025,12/12/2025,26,7/11/2025,12/12/2025,26
Lateral Restraint,1.2.3.1.5.1.2,5/11/2025,12/12/2025,28,5/11/2025,12/12/2025,28
Foundations,1.2.3.1.5.1.3,6/11/2025,25/11/2025,14,6/11/2025,25/11/2025,14
South-West,1.2.3.1.5.2,6/11/2025,15/12/2025,28,6/11/2025,15/12/2025,28
Bearings,1.2.3.1.5.2.1,7/11/2025,15/12/2025,27,7/11/2025,15/12/2025,27
Lateral Restraint,1.2.3.1.5.2.2,6/11/2025,11/12/2025,26,6/11/2025,11/12/2025,26
Foundations,1.2.3.1.5.2.3,6/11/2025,21/11/2025,12,6/11/2025,21/11/2025,12
Falsework,1.2.3.1.5.2.4,6/11/2025,15/12/2025,28,6/11/2025,15/12/2025,28
North East,1.2.3.1.5.3,6/11/2025,15/01/2026,41,6/11/2025,15/01/2026,41
Bearings,1.2.3.1.5.3.1,12/11/2025,15/01/2026,37,12/11/2025,15/01/2026,37
Lateral restraint,1.2.3.1.5.3.2,10/11/2025,14/01/2026,38,10/11/2025,14/01/2026,38
Foundations,1.2.3.1.5.3.3,6/11/2025,5/12/2025,22,6/11/2025,5/12/2025,22
Falsework,1.2.3.1.5.3.4,6/11/2025,14/01/2026,40,6/11/2025,14/01/2026,40
North West,1.2.3.1.5.4,6/11/2025,23/01/2026,47,6/11/2025,23/01/2026,47
Bearings,1.2.3.1.5.4.1,1/12/2025,23/01/2026,30,1/12/2025,23/01/2026,30
Lateral restraint,1.2.3.1.5.4.2,9/11/2025,14/01/2026,38,9/11/2025,14/01/2026,38
Foundations,1.2.3.1.5.4.3,6/11/2025,2/12/2025,19,6/11/2025,2/12/2025,19
Falsework,1.2.3.1.5.4.4,6/11/2025,23/01/2026,47,6/11/2025,23/01/2026,47
Superstructure - Edge Girders,1.2.3.2,6/05/2025,30/09/2026,348,6/05/2025,30/09/2026,348
Electrical On-Bridge - Girders and Galleries,1.2.3.2.7,1/05/2026,6/07/2026,46,1/05/2026,6/07/2026,46
Superstructure - Pre-work,1.2.3.2.1,6/05/2025,30/01/2026,181,6/05/2025,30/01/2026,181
Temporary Works,1.2.3.2.1.1,12/05/2025,21/08/2025,73,12/05/2025,21/08/2025,73
Documents,1.2.3.2.1.2,25/06/2025,15/07/2025,15,25/06/2025,15/07/2025,15
Eastern Towers,1.2.3.2.2,23/09/2025,19/03/2026,115,23/09/2025,19/03/2026,115
Tower 2 East,1.2.3.2.2.1,23/09/2025,3/02/2026,84,23/09/2025,3/02/2026,84
Edge Girder Segments Installation,1.2.3.2.2.1.1,23/09/2025,12/01/2026,69,23/09/2025,12/01/2026,69
+3 +4 & Stay 1,1.2.3.2.2.1.1.1,23/09/2025,28/10/2025,25,23/09/2025,28/10/2025,25
+5 +6 & Stay 2,1.2.3.2.2.1.1.2,23/10/2025,6/11/2025,11,23/10/2025,6/11/2025,11
+7 +8 & Stay 3 (incl. Post-Tensioning),1.2.3.2.2.1.1.3,30/10/2025,21/11/2025,17,30/10/2025,21/11/2025,17
+9 +10 & Stay 4,1.2.3.2.2.1.1.4,3/11/2025,1/12/2025,21,3/11/2025,1/12/2025,21
+11 +12 & Stay 5,1.2.3.2.2.1.1.5,21/11/2025,6/12/2025,11,21/11/2025,6/12/2025,11
+13 +14 & Stay 6 (incl. Post-Tensioning),1.2.3.2.2.1.1.6,27/11/2025,11/12/2025,11,27/11/2025,11/12/2025,11
+15 +16 & Stay 7,1.2.3.2.2.1.1.7,3/12/2025,17/12/2025,11,3/12/2025,17/12/2025,11
+17 +18 +19 & Stay 8,1.2.3.2.2.1.1.8,26/11/2025,12/01/2026,24,26/11/2025,12/01/2026,24
End Span Segments Installation + Stitch,1.2.3.2.2.1.2,23/10/2025,3/02/2026,63,23/10/2025,3/02/2026,63
Cantilever PT Grouting,1.2.3.2.2.1.4,6/01/2026,3/02/2026,20,6/01/2026,3/02/2026,20
Tower 1 East,1.2.3.2.2.2,6/10/2025,19/03/2026,107,6/10/2025,19/03/2026,107
Edge Girder Segments Installation,1.2.3.2.2.2.1,6/10/2025,29/01/2026,73,6/10/2025,29/01/2026,73
+3 +4 & Stay 1,1.2.3.2.2.2.1.1,6/10/2025,19/11/2025,33,6/10/2025,19/11/2025,33
+5 +6 & Stay 2,1.2.3.2.2.2.1.2,22/10/2025,26/11/2025,26,22/10/2025,26/11/2025,26
+7 +8 & Stay 3 (incl. Post-Tensioning),1.2.3.2.2.2.1.3,21/11/2025,3/12/2025,9,21/11/2025,3/12/2025,9
+9 +10 & Stay 4,1.2.3.2.2.2.1.4,18/11/2025,9/12/2025,16,18/11/2025,9/12/2025,16
+11 +12 & Stay 5,1.2.3.2.2.2.1.5,1/12/2025,14/12/2025,10,1/12/2025,14/12/2025,10
+13 +14 & Stay 6 (incl. Post-Tensioning),1.2.3.2.2.2.1.6,5/12/2025,9/01/2026,16,5/12/2025,9/01/2026,16
+15 +16 & Stay 7,1.2.3.2.2.2.1.7,16/12/2025,15/01/2026,13,16/12/2025,15/01/2026,13
+17 +18 +19 & Stay 8,1.2.3.2.2.2.1.8,9/01/2026,29/01/2026,14,9/01/2026,29/01/2026,14
Backspan Segments Installation + Stitch,1.2.3.2.2.2.2,10/10/2025,6/02/2026,75,10/10/2025,6/02/2026,75
Mid-Span Stitch & Post-Tensioning,1.2.3.2.2.2.3,15/01/2026,25/02/2026,29,15/01/2026,25/02/2026,29
Continuity Post-Tensioning - Stage 2B,1.2.3.2.2.2.4,2/02/2026,19/03/2026,33,2/02/2026,19/03/2026,33
Western Towers,1.2.3.2.3,25/09/2025,6/03/2026,104,25/09/2025,6/03/2026,104
Tower 2 West,1.2.3.2.3.1,25/09/2025,17/02/2026,92,25/09/2025,17/02/2026,92
Edge Girder Segments Installation,1.2.3.2.3.1.1,25/09/2025,6/02/2026,85,25/09/2025,6/02/2026,85
+3 +4 & Stay 1,1.2.3.2.3.1.1.1,25/09/2025,11/11/2025,33,25/09/2025,11/11/2025,33
+5 +6 & Stay 2,1.2.3.2.3.1.1.2,27/10/2025,18/11/2025,17,27/10/2025,18/11/2025,17
+7 +8 & Stay 3 (incl. Post-Tensioning),1.2.3.2.3.1.1.3,5/11/2025,26/11/2025,16,5/11/2025,26/11/2025,16
+9 +10 & Stay 4,1.2.3.2.3.1.1.4,13/11/2025,3/12/2025,15,13/11/2025,3/12/2025,15
+11 +12 & Stay 5,1.2.3.2.3.1.1.5,26/11/2025,19/12/2025,18,26/11/2025,19/12/2025,18
+13 +14 & Stay 6 (incl. Post-Tensioning),1.2.3.2.3.1.1.6,17/11/2025,22/01/2026,39,17/11/2025,22/01/2026,39
+15 +16 & Stay 7,1.2.3.2.3.1.1.7,13/01/2026,30/01/2026,13,13/01/2026,30/01/2026,13
+17 +18 +19 & Stay 8,1.2.3.2.3.1.1.8,17/01/2026,6/02/2026,14,17/01/2026,6/02/2026,14
Backspan Segments Installation + Stitch,1.2.3.2.3.1.2,3/11/2025,17/02/2026,66,3/11/2025,17/02/2026,66
Tower 1 West,1.2.3.2.3.2,30/09/2025,6/03/2026,102,30/09/2025,6/03/2026,102
Edge Girder Segments Installation,1.2.3.2.3.2.1,30/09/2025,4/02/2026,81,30/09/2025,4/02/2026,81
+3 +4 & Stay 1,1.2.3.2.3.2.1.1,30/09/2025,10/11/2025,30,30/09/2025,10/11/2025,30
+5 +6 & Stay 2,1.2.3.2.3.2.1.2,29/10/2025,19/11/2025,16,29/10/2025,19/11/2025,16
+7 +8 & Stay 3 (incl. Post-Tensioning),1.2.3.2.3.2.1.3,14/11/2025,5/01/2026,27,14/11/2025,5/01/2026,27
+9 +10 & Stay 4,1.2.3.2.3.2.1.4,24/11/2025,8/01/2026,24,24/11/2025,8/01/2026,24
+11 +12 & Stay 5,1.2.3.2.3.2.1.5,7/01/2026,14/01/2026,6,7/01/2026,14/01/2026,6
+13 +14 & Stay 6 (incl. Post-Tensioning),1.2.3.2.3.2.1.6,13/01/2026,22/01/2026,8,13/01/2026,22/01/2026,8
+15 +16 & Stay 7,1.2.3.2.3.2.1.7,9/01/2026,27/01/2026,12,9/01/2026,27/01/2026,12
+17 +18 +19 & Stay 8,1.2.3.2.3.2.1.8,13/01/2026,4/02/2026,16,13/01/2026,4/02/2026,16
Backspan Segments Installation + Stitch,1.2.3.2.3.2.2,20/10/2025,19/02/2026,78,20/10/2025,19/02/2026,78
Mid-Span Stitch & Post-Tensioning,1.2.3.2.3.2.3,9/02/2026,27/02/2026,15,9/02/2026,27/02/2026,15
Continuity Post-Tensioning - Stage 2B,1.2.3.2.3.2.4,16/02/2026,6/03/2026,14,16/02/2026,6/03/2026,14
Stay Cable Retensioning,1.2.3.2.4,4/03/2026,30/06/2026,81,4/03/2026,30/06/2026,81
Temporary PT Deconstruction,1.2.3.2.5,18/02/2026,13/03/2026,17,18/02/2026,13/03/2026,17
Finishing Works,1.2.3.2.6,30/03/2026,30/09/2026,128,30/03/2026,30/09/2026,128
Superstructure - Demolition and Deck Install,1.2.3.3,22/01/2026,2/11/2026,196,22/01/2026,2/11/2026,196
Bridge Demolition,1.2.3.3.1,22/01/2026,30/07/2026,130,22/01/2026,30/07/2026,130
Demolition Milestones,1.2.3.3.1.1,1/02/2026,30/07/2026,124,1/02/2026,30/07/2026,124
Pre-Commencement Works,1.2.3.3.1.2,22/01/2026,20/02/2026,21,22/01/2026,20/02/2026,21
Above Deck ,1.2.3.3.1.3,2/02/2026,19/05/2026,73,2/02/2026,19/05/2026,73
Nth. Crew - Bays 12 - 8 (Northern Opening for Cross Beam Construction),1.2.3.3.1.3.1,2/02/2026,17/03/2026,31,2/02/2026,17/03/2026,31
Deck 12,1.2.3.3.1.3.1.1,2/02/2026,11/02/2026,8,2/02/2026,11/02/2026,8
Deck 11,1.2.3.3.1.3.1.2,3/02/2026,14/02/2026,9,3/02/2026,14/02/2026,9
Deck 10,1.2.3.3.1.3.1.3,12/02/2026,17/02/2026,4,12/02/2026,17/02/2026,4
Deck 9,1.2.3.3.1.3.1.4,16/02/2026,19/02/2026,4,16/02/2026,19/02/2026,4
Deck 8,1.2.3.3.1.3.1.5,18/02/2026,21/02/2026,3,18/02/2026,21/02/2026,3
Pier 12,1.2.3.3.1.3.1.6,4/03/2026,17/03/2026,10,4/03/2026,17/03/2026,10
Pier 11,1.2.3.3.1.3.1.7,4/03/2026,5/03/2026,2,4/03/2026,5/03/2026,2
Pier 10,1.2.3.3.1.3.1.8,26/02/2026,4/03/2026,4,26/02/2026,4/03/2026,4
Pier 9,1.2.3.3.1.3.1.9,26/02/2026,3/03/2026,3,26/02/2026,3/03/2026,3
Pier 8,1.2.3.3.1.3.1.10,26/02/2026,3/03/2026,3,26/02/2026,3/03/2026,3
Nth. Crew - Bays 7 - 1 (Civils interface),1.2.3.3.1.3.2,18/02/2026,27/03/2026,27,18/02/2026,27/03/2026,27
Deck 7,1.2.3.3.1.3.2.1,18/02/2026,25/02/2026,6,18/02/2026,25/02/2026,6
Deck 6,1.2.3.3.1.3.2.2,21/02/2026,27/02/2026,5,21/02/2026,27/02/2026,5
Deck 5,1.2.3.3.1.3.2.3,23/02/2026,3/03/2026,6,23/02/2026,3/03/2026,6
Deck 4,1.2.3.3.1.3.2.4,21/02/2026,4/03/2026,7,21/02/2026,4/03/2026,7
Deck 3,1.2.3.3.1.3.2.5,21/02/2026,6/03/2026,9,21/02/2026,6/03/2026,9
Deck 2,1.2.3.3.1.3.2.6,27/02/2026,9/03/2026,6,27/02/2026,9/03/2026,6
Deck 1,1.2.3.3.1.3.2.7,28/02/2026,11/03/2026,7,28/02/2026,11/03/2026,7
Pier 7,1.2.3.3.1.3.2.8,27/02/2026,3/03/2026,2,27/02/2026,3/03/2026,2
Pier 6,1.2.3.3.1.3.2.9,4/03/2026,6/03/2026,3,4/03/2026,6/03/2026,3
Pier 5,1.2.3.3.1.3.2.10,7/03/2026,10/03/2026,2,7/03/2026,10/03/2026,2
Pier 4,1.2.3.3.1.3.2.11,10/03/2026,12/03/2026,3,10/03/2026,12/03/2026,3
Pier 3,1.2.3.3.1.3.2.12,10/03/2026,12/03/2026,3,10/03/2026,12/03/2026,3
Pier 2,1.2.3.3.1.3.2.13,10/03/2026,12/03/2026,3,10/03/2026,12/03/2026,3
Pier 1,1.2.3.3.1.3.2.14,12/03/2026,27/03/2026,12,12/03/2026,27/03/2026,12
Sth Crew Bays 13 - 22 (Southern Opening for Cross Beam Construction),1.2.3.3.1.3.3,2/02/2026,7/04/2026,44,2/02/2026,7/04/2026,44
Deck 13,1.2.3.3.1.3.3.1,2/02/2026,17/02/2026,12,2/02/2026,17/02/2026,12
Deck 14,1.2.3.3.1.3.3.2,10/02/2026,19/02/2026,8,10/02/2026,19/02/2026,8
Deck 15,1.2.3.3.1.3.3.3,12/02/2026,27/02/2026,12,12/02/2026,27/02/2026,12
Deck 16,1.2.3.3.1.3.3.4,18/02/2026,5/03/2026,11,18/02/2026,5/03/2026,11
Deck 17,1.2.3.3.1.3.3.5,3/03/2026,10/03/2026,6,3/03/2026,10/03/2026,6
Deck 18,1.2.3.3.1.3.3.6,11/03/2026,16/03/2026,4,11/03/2026,16/03/2026,4
Deck 19,1.2.3.3.1.3.3.7,9/03/2026,17/03/2026,7,9/03/2026,17/03/2026,7
Deck 20,1.2.3.3.1.3.3.8,12/03/2026,19/03/2026,6,12/03/2026,19/03/2026,6
Deck 21,1.2.3.3.1.3.3.9,12/03/2026,21/03/2026,7,12/03/2026,21/03/2026,7
Deck 22,1.2.3.3.1.3.3.10,21/03/2026,23/03/2026,1,21/03/2026,23/03/2026,1
Pier 13,1.2.3.3.1.3.3.11,11/03/2026,14/03/2026,3,11/03/2026,14/03/2026,3
Pier 14,1.2.3.3.1.3.3.12,16/03/2026,18/03/2026,3,16/03/2026,18/03/2026,3
Pier 15,1.2.3.3.1.3.3.13,16/03/2026,20/03/2026,5,16/03/2026,20/03/2026,5
Pier 16,1.2.3.3.1.3.3.14,23/03/2026,25/03/2026,3,23/03/2026,25/03/2026,3
Pier 17,1.2.3.3.1.3.3.15,23/03/2026,24/03/2026,2,23/03/2026,24/03/2026,2
Pier 18,1.2.3.3.1.3.3.16,7/04/2026,7/04/2026,1,7/04/2026,7/04/2026,1
Pier 19,1.2.3.3.1.3.3.17,7/04/2026,7/04/2026,1,7/04/2026,7/04/2026,1
Pier 20,1.2.3.3.1.3.3.18,31/03/2026,31/03/2026,1,31/03/2026,31/03/2026,1
Pier 21,1.2.3.3.1.3.3.19,30/03/2026,30/03/2026,1,30/03/2026,30/03/2026,1
Pier 22,1.2.3.3.1.3.3.20,30/03/2026,30/03/2026,1,30/03/2026,30/03/2026,1
Sth. Crew - Bays 23-29 (Civils interface),1.2.3.3.1.3.4,21/03/2026,19/04/2026,18,21/03/2026,19/04/2026,18
Deck 23,1.2.3.3.1.3.4.1,21/03/2026,25/03/2026,3,21/03/2026,25/03/2026,3
Deck 24,1.2.3.3.1.3.4.2,23/03/2026,31/03/2026,7,23/03/2026,31/03/2026,7
Deck 25,1.2.3.3.1.3.4.3,23/03/2026,31/03/2026,7,23/03/2026,31/03/2026,7
Deck 26 - 29 (Access on REDACTED St.),1.2.3.3.1.3.4.4,1/04/2026,17/04/2026,11,1/04/2026,17/04/2026,11
Pier 23,1.2.3.3.1.3.4.5,2/04/2026,7/04/2026,2,2/04/2026,7/04/2026,2
Pier 24,1.2.3.3.1.3.4.6,8/04/2026,18/04/2026,8,8/04/2026,18/04/2026,8
Pier 25,1.2.3.3.1.3.4.7,,,,,,
Pier 26 - 29,1.2.3.3.1.3.4.8,,,,,,
Abutment Demolition,1.2.3.3.1.3.5,20/03/2026,19/05/2026,40,20/03/2026,19/05/2026,40
Northern Abutment,1.2.3.3.1.3.5.1,20/03/2026,27/03/2026,6,20/03/2026,27/03/2026,6
Southern Abutment,1.2.3.3.1.3.5.2,23/04/2026,19/05/2026,18,23/04/2026,19/05/2026,18
Below Deck - Marine Demolition,1.2.3.3.1.4,7/04/2026,30/07/2026,81,7/04/2026,30/07/2026,81
Navigational Channel,1.2.3.3.1.4.1,7/04/2026,3/07/2026,62,7/04/2026,3/07/2026,62
Pier 14,1.2.3.3.1.4.1.1,4/05/2026,24/06/2026,37,4/05/2026,24/06/2026,37
Pier 15,1.2.3.3.1.4.1.2,17/04/2026,28/05/2026,29,17/04/2026,28/05/2026,29
Pier 16,1.2.3.3.1.4.1.3,14/04/2026,5/06/2026,37,14/04/2026,5/06/2026,37
Pier 17,1.2.3.3.1.4.1.4,7/04/2026,3/07/2026,62,7/04/2026,3/07/2026,62
North of Pier 14,1.2.3.3.1.4.2,4/07/2026,16/07/2026,9,4/07/2026,16/07/2026,9
South of Pier 17,1.2.3.3.1.4.3,17/07/2026,30/07/2026,10,17/07/2026,30/07/2026,10
Parapet Installation,1.2.3.3.2,4/03/2026,17/08/2026,115,4/03/2026,17/08/2026,115
Installation of Transverse Beams,1.2.3.3.3,23/02/2026,4/06/2026,69,23/02/2026,4/06/2026,69
Tower 1 Diaphragm Installation,1.2.3.3.3.1,24/02/2026,13/04/2026,32,24/02/2026,13/04/2026,32
Tower 2 Diaphragm Installation,1.2.3.3.3.2,20/03/2026,4/05/2026,29,20/03/2026,4/05/2026,29
T1 North,1.2.3.3.3.3,23/02/2026,27/05/2026,64,23/02/2026,27/05/2026,64
T1 Hanging Scaffold,1.2.3.3.3.3.1,23/02/2026,27/05/2026,64,23/02/2026,27/05/2026,64
T2 South,1.2.3.3.3.4,13/03/2026,4/06/2026,56,13/03/2026,4/06/2026,56
Hanging Scaffold,1.2.3.3.3.4.1,13/03/2026,28/05/2026,52,13/03/2026,28/05/2026,52
Transverse Beams Stitches,1.2.3.3.4,16/03/2026,15/06/2026,62,16/03/2026,15/06/2026,62
T1 North,1.2.3.3.4.1,16/03/2026,29/05/2026,52,16/03/2026,29/05/2026,52
T1-03 & 05S,1.2.3.3.4.1.1,19/03/2026,13/04/2026,16,19/03/2026,13/04/2026,16
T1-03 & 05N,1.2.3.3.4.1.2,16/03/2026,13/04/2026,19,16/03/2026,13/04/2026,19
T1-07 & 09S,1.2.3.3.4.1.3,2/04/2026,22/04/2026,13,2/04/2026,22/04/2026,13
T1-07 & 09N,1.2.3.3.4.1.4,1/04/2026,28/04/2026,17,1/04/2026,28/04/2026,17
T1-11 & 13N,1.2.3.3.4.1.5,22/04/2026,19/05/2026,19,22/04/2026,19/05/2026,19
T1-11 & 13S,1.2.3.3.4.1.6,21/04/2026,11/05/2026,14,21/04/2026,11/05/2026,14
T1-15 & 17N,1.2.3.3.4.1.7,23/04/2026,19/05/2026,18,23/04/2026,19/05/2026,18
T1-15 & 17S,1.2.3.3.4.1.8,21/04/2026,14/05/2026,17,21/04/2026,14/05/2026,17
T1-19 & 21N,1.2.3.3.4.1.9,8/05/2026,26/05/2026,13,8/05/2026,26/05/2026,13
T1-19S,1.2.3.3.4.1.10,12/05/2026,26/05/2026,11,12/05/2026,26/05/2026,11
A1-22N (Diaphragm),1.2.3.3.4.1.11,19/05/2026,29/05/2026,9,19/05/2026,29/05/2026,9
T2 South,1.2.3.3.4.2,13/04/2026,15/06/2026,44,13/04/2026,15/06/2026,44
T2-03 & 05N,1.2.3.3.4.2.1,13/04/2026,29/04/2026,12,13/04/2026,29/04/2026,12
T2-03 & 05S,1.2.3.3.4.2.2,13/04/2026,29/04/2026,12,13/04/2026,29/04/2026,12
T2-07 & 09N,1.2.3.3.4.2.3,24/04/2026,12/05/2026,12,24/04/2026,12/05/2026,12
T2-07 & 09S,1.2.3.3.4.2.4,29/04/2026,14/05/2026,12,29/04/2026,14/05/2026,12
T2-11N Stitch Only,1.2.3.3.4.2.5,28/04/2026,13/05/2026,12,28/04/2026,13/05/2026,12
T2-11 & 13S,1.2.3.3.4.2.6,30/04/2026,14/05/2026,11,30/04/2026,14/05/2026,11
T2-13 & 15 & 17 N,1.2.3.3.4.2.7,12/05/2026,26/05/2026,11,12/05/2026,26/05/2026,11
T2-15 & 17 & 19S,1.2.3.3.4.2.8,11/05/2026,28/05/2026,14,11/05/2026,28/05/2026,14
T2-19N,1.2.3.3.4.2.9,12/05/2026,26/05/2026,11,12/05/2026,26/05/2026,11
T2-21S,1.2.3.3.4.2.10,4/06/2026,15/06/2026,8,4/06/2026,15/06/2026,8
A2-23S,1.2.3.3.4.2.11,4/06/2026,13/06/2026,7,4/06/2026,13/06/2026,7
Installation of Permadec Panels,1.2.3.3.5,31/03/2026,12/06/2026,50,31/03/2026,12/06/2026,50
T1 North,1.2.3.3.5.1,31/03/2026,22/05/2026,36,31/03/2026,22/05/2026,36
T2 South,1.2.3.3.5.2,15/04/2026,12/06/2026,41,15/04/2026,12/06/2026,41
FRP Bridge Deck,1.2.3.3.6,20/02/2026,23/09/2026,149,20/02/2026,23/09/2026,149
Southern Deck Flares,1.2.3.3.6.1,1/04/2026,3/06/2026,42,1/04/2026,3/06/2026,42
South-East Flare,1.2.3.3.6.1.1,1/04/2026,3/06/2026,42,1/04/2026,3/06/2026,42
South-West Flare,1.2.3.3.6.1.2,24/04/2026,1/06/2026,25,24/04/2026,1/06/2026,25
FRP 2 - T1 Pour,1.2.3.3.6.3,15/04/2026,9/06/2026,38,15/04/2026,9/06/2026,38
T1 Pour 2A,1.2.3.3.6.3.1,15/04/2026,8/05/2026,17,15/04/2026,8/05/2026,17
T1 Pour 2B,1.2.3.3.6.3.2,12/05/2026,25/05/2026,10,12/05/2026,25/05/2026,10
T1 Pour 2C,1.2.3.3.6.3.3,26/05/2026,9/06/2026,10,26/05/2026,9/06/2026,10
FRP 4 - A1 Pour,1.2.3.3.6.4,4/06/2026,1/07/2026,20,4/06/2026,1/07/2026,20
FRP 1 - T2 Pour,1.2.3.3.6.5,1/05/2026,13/06/2026,30,1/05/2026,13/06/2026,30
T2 Pour 1A,1.2.3.3.6.5.1,1/05/2026,16/05/2026,11,1/05/2026,16/05/2026,11
T2 Pour 1B,1.2.3.3.6.5.2,20/05/2026,2/06/2026,9,20/05/2026,2/06/2026,9
T2 Pour 1C,1.2.3.3.6.5.3,28/05/2026,13/06/2026,11,28/05/2026,13/06/2026,11
FRP 3 - A2 Pour,1.2.3.3.6.6,9/06/2026,9/07/2026,23,9/06/2026,9/07/2026,23
FRP 5 - Mid-Span Pour,1.2.3.3.6.7,15/06/2026,2/07/2026,14,15/06/2026,2/07/2026,14
North Approach Slab,1.2.3.3.6.8,30/06/2026,31/07/2026,24,30/06/2026,31/07/2026,24
South Approach Slab,1.2.3.3.6.9,3/08/2026,29/08/2026,20,3/08/2026,29/08/2026,20
On bridge barriers,1.2.3.3.6.10,20/02/2026,23/09/2026,149,20/02/2026,23/09/2026,149
Texas barriers,1.2.3.3.6.10.1,20/02/2026,23/09/2026,149,20/02/2026,23/09/2026,149
SS,1.2.3.3.6.10.3,10/08/2026,13/08/2026,4,10/08/2026,13/08/2026,4
FRP Concrete Barrier - Deck P2 West ,1.2.3.3.6.10.4,25/05/2026,20/06/2026,19,25/05/2026,20/06/2026,19
FRP Concrete Barrier - Deck P2 East ,1.2.3.3.6.10.5,28/05/2026,22/07/2026,39,28/05/2026,22/07/2026,39
FRP Concrete Barrier - Deck P1 West,1.2.3.3.6.10.6,18/06/2026,11/07/2026,17,18/06/2026,11/07/2026,17
FRP Concrete Barrier - Deck P1 East ,1.2.3.3.6.10.7,23/03/2026,21/07/2026,83,23/03/2026,21/07/2026,83
FRP Concrete Barrier - Deck P4 West,1.2.3.3.6.10.8,9/07/2026,21/07/2026,9,9/07/2026,21/07/2026,9
FRP Concrete Barrier - Deck P4 East,1.2.3.3.6.10.9,10/07/2026,4/08/2026,18,10/07/2026,4/08/2026,18
FRP Concrete Barrier - Deck P3 West,1.2.3.3.6.10.10,18/07/2026,28/07/2026,7,18/07/2026,28/07/2026,7
FRP Concrete Barrier - Deck P3 East ,1.2.3.3.6.10.11,23/03/2026,10/08/2026,97,23/03/2026,10/08/2026,97
FRP Concrete Barrier - Deck P5 East,1.2.3.3.6.10.12,25/07/2026,25/08/2026,22,25/07/2026,25/08/2026,22
FRP Concrete Barrier - Deck P5 West,1.2.3.3.6.10.13,27/07/2026,7/08/2026,10,27/07/2026,7/08/2026,10
Balustrade Installation,1.2.3.3.7,3/03/2026,2/11/2026,170,3/03/2026,2/11/2026,170
Balustrade offsite works,1.2.3.3.7.1,25/03/2026,12/05/2026,32,25/03/2026,12/05/2026,32
Fabrication and Delivery,1.2.3.3.7.2,14/04/2026,14/08/2026,87,14/04/2026,14/08/2026,87
Installation,1.2.3.3.7.3,10/06/2026,2/11/2026,103,10/06/2026,2/11/2026,103
PSP Topping Concrete,1.2.3.3.8,20/02/2026,25/08/2026,128,20/02/2026,25/08/2026,128
Tower Lighting Installation and Scaffold Access Tower Removal,1.2.3.3.9,20/04/2026,30/07/2026,72,20/04/2026,30/07/2026,72
North West tower,1.2.3.3.9.1,20/04/2026,6/07/2026,54,20/04/2026,6/07/2026,54
Phase 1 -Electrical Bracket installation ,1.2.3.3.9.1.1,20/04/2026,1/05/2026,9,20/04/2026,1/05/2026,9
Phase 2-Elecrical Seam light installation,1.2.3.3.9.1.2,8/06/2026,12/06/2026,5,8/06/2026,12/06/2026,5
NW - Phase 3-Patching and Tower removal ,1.2.3.3.9.1.3,22/05/2026,6/07/2026,31,22/05/2026,6/07/2026,31
North East tower,1.2.3.3.9.2,21/04/2026,16/07/2026,61,21/04/2026,16/07/2026,61
Phase 1 -Electrical Bracket installation ,1.2.3.3.9.2.1,21/04/2026,5/05/2026,10,21/04/2026,5/05/2026,10
Phase 2-Elecrical Seam light installation,1.2.3.3.9.2.2,8/06/2026,19/06/2026,10,8/06/2026,19/06/2026,10
NE - Phase 3-Patching and Tower removal ,1.2.3.3.9.2.3,22/05/2026,16/07/2026,39,22/05/2026,16/07/2026,39
South West tower,1.2.3.3.9.3,28/04/2026,23/07/2026,62,28/04/2026,23/07/2026,62
Phase 1 -Electrical Bracket installation ,1.2.3.3.9.3.1,28/04/2026,11/05/2026,10,28/04/2026,11/05/2026,10
Phase 2-Elecrical Seam light installation,1.2.3.3.9.3.2,8/06/2026,26/06/2026,15,8/06/2026,26/06/2026,15
SW - Phase 3-Patching and Tower removal ,1.2.3.3.9.3.3,22/05/2026,23/07/2026,44,22/05/2026,23/07/2026,44
South East tower,1.2.3.3.9.4,23/04/2026,30/07/2026,69,23/04/2026,30/07/2026,69
Phase 1 -Electrical Bracket installation ,1.2.3.3.9.4.1,23/04/2026,7/05/2026,10,23/04/2026,7/05/2026,10
Phase 2-Elecrical Seam light installation,1.2.3.3.9.4.2,8/06/2026,3/07/2026,20,8/06/2026,3/07/2026,20
SE - Phase 3-Patching and Tower removal ,1.2.3.3.9.4.3,22/05/2026,30/07/2026,49,22/05/2026,30/07/2026,49
Bearing Setting / Pedestal Pours,1.2.3.3.10,22/05/2026,23/06/2026,22,22/05/2026,23/06/2026,22
North-East,1.2.3.3.10.1,23/05/2026,3/06/2026,7,23/05/2026,3/06/2026,7
North-West,1.2.3.3.10.2,22/05/2026,3/06/2026,8,22/05/2026,3/06/2026,8
South-East,1.2.3.3.10.3,11/06/2026,23/06/2026,9,11/06/2026,23/06/2026,9
South-West,1.2.3.3.10.4,11/06/2026,23/06/2026,9,11/06/2026,23/06/2026,9
Seg 0&Abt concrete infill / Ramps,1.2.3.3.11,2/06/2026,1/07/2026,22,2/06/2026,1/07/2026,22
NE abt concrete infill,1.2.3.3.11.1,2/06/2026,22/06/2026,15,2/06/2026,22/06/2026,15
NW abt concrete infill,1.2.3.3.11.2,4/06/2026,11/06/2026,6,4/06/2026,11/06/2026,6
SE abt concrete infill,1.2.3.3.11.3,10/06/2026,19/06/2026,8,10/06/2026,19/06/2026,8
SW abt concrete infill,1.2.3.3.11.4,12/06/2026,19/06/2026,6,12/06/2026,19/06/2026,6
T1E Seg 0 concrete infill and ramp ,1.2.3.3.11.5,16/06/2026,25/06/2026,8,16/06/2026,25/06/2026,8
T1W Seg 0 concrete infill and ramp ,1.2.3.3.11.6,18/06/2026,25/06/2026,6,18/06/2026,25/06/2026,6
T2E Seg 0 concrete infill and ramp ,1.2.3.3.11.7,22/06/2026,1/07/2026,8,22/06/2026,1/07/2026,8
T2W Seg 0 concrete infill and ramp ,1.2.3.3.11.8,24/06/2026,1/07/2026,6,24/06/2026,1/07/2026,6
Manhole Access closure,1.2.3.3.12,8/06/2026,19/06/2026,10,8/06/2026,19/06/2026,10
NE Manholes x 2,1.2.3.3.12.1,8/06/2026,19/06/2026,10,8/06/2026,19/06/2026,10
NW Manholes x 2,1.2.3.3.12.2,8/06/2026,19/06/2026,10,8/06/2026,19/06/2026,10
SE Manholes x 2,1.2.3.3.12.3,8/06/2026,19/06/2026,10,8/06/2026,19/06/2026,10
SW Manholes x 2,1.2.3.3.12.4,8/06/2026,19/06/2026,10,8/06/2026,19/06/2026,10
Jetty Removal,1.2.3.4,30/03/2026,26/08/2026,104,30/03/2026,26/08/2026,104
North-West Jetty,1.2.3.4.1,30/03/2026,22/05/2026,37,30/03/2026,22/05/2026,37
Mobilisation and Crane Works,1.2.3.4.1.8,30/03/2026,22/05/2026,37,30/03/2026,22/05/2026,37
Span 6 (12m),1.2.3.4.1.1,8/04/2026,16/04/2026,7,8/04/2026,16/04/2026,7
Span SL5 (12m),1.2.3.4.1.2,17/04/2026,21/04/2026,3,17/04/2026,21/04/2026,3
Span 5 (12m),1.2.3.4.1.3,22/04/2026,24/04/2026,3,22/04/2026,24/04/2026,3
Span 4 (12m),1.2.3.4.1.4,28/04/2026,30/04/2026,3,28/04/2026,30/04/2026,3
Span 3 (12m),1.2.3.4.1.5,1/05/2026,4/05/2026,2,1/05/2026,4/05/2026,2
Span 2 (12m),1.2.3.4.1.6,5/05/2026,13/05/2026,7,5/05/2026,13/05/2026,7
Span 1 (20.4m),1.2.3.4.1.7,8/05/2026,14/05/2026,5,8/05/2026,14/05/2026,5
North-East Jetty,1.2.3.4.2,11/06/2026,26/08/2026,55,11/06/2026,26/08/2026,55
Mobilisation and Crane Works,1.2.3.4.2.11,11/06/2026,26/08/2026,55,11/06/2026,26/08/2026,55
Fender Piles 4No.,1.2.3.4.2.1,12/06/2026,10/07/2026,21,12/06/2026,10/07/2026,21
Span SL 7 (12m),1.2.3.4.2.2,16/06/2026,8/07/2026,17,16/06/2026,8/07/2026,17
Span SL 6 (12m),1.2.3.4.2.4,2/07/2026,8/07/2026,5,2/07/2026,8/07/2026,5
Span  7 (12m),1.2.3.4.2.3,11/07/2026,20/07/2026,6,11/07/2026,20/07/2026,6
Span 6 (12m),1.2.3.4.2.5,16/07/2026,20/07/2026,3,16/07/2026,20/07/2026,3
Span 5 (12m),1.2.3.4.2.6,21/07/2026,28/07/2026,6,21/07/2026,28/07/2026,6
Span 4 (12m),1.2.3.4.2.7,24/07/2026,28/07/2026,3,24/07/2026,28/07/2026,3
Span 3 (12m),1.2.3.4.2.8,29/07/2026,8/08/2026,8,29/07/2026,8/08/2026,8
Span 2 (12m),1.2.3.4.2.9,1/08/2026,8/08/2026,5,1/08/2026,8/08/2026,5
Span 1 (12m),1.2.3.4.2.10,10/08/2026,15/08/2026,5,10/08/2026,15/08/2026,5
South-West Jetty,1.2.3.4.3,14/05/2026,12/06/2026,21,14/05/2026,12/06/2026,21
Mobilisation and Crane Works,1.2.3.4.3.6,14/05/2026,12/06/2026,21,14/05/2026,12/06/2026,21
Fender Piles (4No.),1.2.3.4.3.1,18/05/2026,19/05/2026,2,18/05/2026,19/05/2026,2
Span 3 (12m),1.2.3.4.3.2,19/05/2026,27/05/2026,7,19/05/2026,27/05/2026,7
Span SL 2 (12m),1.2.3.4.3.3,22/05/2026,28/05/2026,5,22/05/2026,28/05/2026,5
Span 2 (12m),1.2.3.4.3.4,29/05/2026,8/06/2026,6,29/05/2026,8/06/2026,6
Span 1 (12m),1.2.3.4.3.5,3/06/2026,10/06/2026,6,3/06/2026,10/06/2026,6
South-East Jetty,1.2.3.4.4,15/07/2026,18/08/2026,25,15/07/2026,18/08/2026,25
Mobilisation and Crane Works,1.2.3.4.4.4,15/07/2026,18/08/2026,25,15/07/2026,18/08/2026,25
Span 1 SL (12m),1.2.3.4.4.1,22/07/2026,25/07/2026,3,22/07/2026,25/07/2026,3
Span SL 2 (12m),1.2.3.4.4.2,27/07/2026,31/07/2026,5,27/07/2026,31/07/2026,5
Span 2 (12m),1.2.3.4.4.3[duplicate],1/08/2026,8/08/2026,5,1/08/2026,8/08/2026,5
Span 1 (12m),1.2.3.4.4.3,5/08/2026,11/08/2026,5,5/08/2026,11/08/2026,5
Electrical / ITS,1.2.3.6,1/05/2026,1/10/2026,108,1/05/2026,1/10/2026,108
Electrical On Bridge,1.2.3.6.1,1/05/2026,1/10/2026,108,1/05/2026,1/10/2026,108
Girders & Galleries Electrical,1.2.3.6.1.1,1/05/2026,1/10/2026,108,1/05/2026,1/10/2026,108
Containment,1.2.3.6.1.1.1,1/05/2026,6/07/2026,46,1/05/2026,6/07/2026,46
Lighting & Small power,1.2.3.6.1.1.2,8/06/2026,1/10/2026,83,8/06/2026,1/10/2026,83
Towers Electrical,1.2.3.6.1.2,22/05/2026,1/09/2026,72,22/05/2026,1/09/2026,72
NE Tower Lighting installation,1.2.3.6.1.2.1,11/06/2026,27/08/2026,56,11/06/2026,27/08/2026,56
SE Tower Lighting Installation,1.2.3.6.1.2.2,26/05/2026,28/08/2026,68,26/05/2026,28/08/2026,68
NW Tower Lighting Installation,1.2.3.6.1.2.3,9/06/2026,31/08/2026,60,9/06/2026,31/08/2026,60
SW Tower Lighting Installation,1.2.3.6.1.2.4,22/05/2026,1/09/2026,72,22/05/2026,1/09/2026,72
Parapets Electrical,1.2.3.6.1.3,19/06/2026,17/08/2026,42,19/06/2026,17/08/2026,42
West Parapet Lights,1.2.3.6.1.3.1,3/07/2026,7/08/2026,26,3/07/2026,7/08/2026,26
East Parapet Lights,1.2.3.6.1.3.2,19/06/2026,17/08/2026,42,19/06/2026,17/08/2026,42
Electrical Off Bridge North,1.2.3.6.2,29/06/2026,4/08/2026,27,29/06/2026,4/08/2026,27
Containment - inground,1.2.3.6.2.1,29/06/2026,4/08/2026,27,29/06/2026,4/08/2026,27
Switchboards and Control Cabinets,1.2.3.6.2.2,7/07/2026,30/07/2026,18,7/07/2026,30/07/2026,18
"Civil, FRP & Road Works - Post Bridge Closure",1.2.3.5,1/10/2025,28/11/2026,286,1/10/2025,28/11/2026,286
Southern Approach,1.2.3.5.1,1/10/2025,28/11/2026,286,1/10/2025,28/11/2026,286
Works for OFT,1.2.3.5.1.1,1/10/2025,31/10/2026,266,1/10/2025,31/10/2026,266
South Abutment FRP & Enabling Earthworks,1.2.3.5.1.1.2,1/10/2025,31/10/2026,266,1/10/2025,31/10/2026,266
RW-M12,1.2.3.5.1.1.2.2,1/10/2025,5/03/2026,100,1/10/2025,5/03/2026,100
SE Drainage (Se-1 to S-13),1.2.3.5.1.1.2.3,24/11/2025,17/04/2026,91,24/11/2025,17/04/2026,91
South-East Backwall,1.2.3.5.1.1.2.5,19/02/2026,9/04/2026,33,19/02/2026,9/04/2026,33
South-West Backwall,1.2.3.5.1.1.2.6,28/02/2026,10/04/2026,27,28/02/2026,10/04/2026,27
Enabling Earthworks & Civils - MCQS CH620-652 to complete FRP,1.2.3.5.1.1.2.7,18/03/2026,9/05/2026,35,18/03/2026,9/05/2026,35
Capping beam (king post pour) middle section,1.2.3.5.1.1.2.8,8/05/2026,18/05/2026,7,8/05/2026,18/05/2026,7
Skirt Wall & Link slab,1.2.3.5.1.1.2.9,13/05/2026,27/05/2026,11,13/05/2026,27/05/2026,11
Shear Key,1.2.3.5.1.1.2.11,21/05/2026,28/05/2026,6,21/05/2026,28/05/2026,6
Backwall (Central Section),1.2.3.5.1.1.2.12,21/05/2026,12/06/2026,16,21/05/2026,12/06/2026,16
Southern Approach Roadworks,1.2.3.5.1.1.2.15,12/06/2026,17/09/2026,70,12/06/2026,17/09/2026,70
South West Approach - MPP1 CH19540-19620,1.2.3.5.1.1.2.1,22/10/2025,29/09/2026,228,22/10/2025,29/09/2026,228
South East Footpath,1.2.3.5.1.1.2.14,12/09/2026,22/09/2026,7,12/09/2026,22/09/2026,7
Approach Slab,1.2.3.5.1.1.2.13,6/08/2026,17/08/2026,8,6/08/2026,17/08/2026,8
Steel Barrier & Finishes,1.2.3.5.1.1.2.6[duplicate],25/09/2026,14/10/2026,13,25/09/2026,14/10/2026,13
SE Concrete barrier transition to MAO bridge barrier,1.2.3.5.1.1.2.5[duplicate],18/08/2026,22/09/2026,26,18/08/2026,22/09/2026,26
SW Concrete barrier transition to MAO bridge barrier,1.2.3.5.1.1.2.4[duplicate],7/09/2026,19/09/2026,10,7/09/2026,19/09/2026,10
SW TL4 concrete barrier ,1.2.3.5.1.1.2.3[duplicate],6/08/2026,5/09/2026,22,6/08/2026,5/09/2026,22
Linemarking and Signage,1.2.3.5.1.1.2.1[duplicate],26/10/2026,31/10/2026,5,26/10/2026,31/10/2026,5
Works for Bridge Completion,1.2.3.5.1.2,1/04/2026,28/11/2026,168,1/04/2026,28/11/2026,168
South-East Structures,1.2.3.5.1.2.14,1/04/2026,9/11/2026,154,1/04/2026,9/11/2026,154
Terrace Wall,1.2.3.5.1.2.14.1,1/04/2026,12/09/2026,114,1/04/2026,12/09/2026,114
"Limestone Terrace Wall A,B,C - Stage 1",1.2.3.5.1.2.14.1.1,1/04/2026,27/05/2026,38,1/04/2026,27/05/2026,38
Limestone Terrace Wall D,1.2.3.5.1.2.14.1.2,9/07/2026,7/08/2026,22,9/07/2026,7/08/2026,22
Terrace Wall Stage 2,1.2.3.5.1.2.14.1.4,16/06/2026,12/09/2026,64,16/06/2026,12/09/2026,64
Limestone Terrace Wall A (Stage 2),1.2.3.5.1.2.14.1.4.1,16/06/2026,21/08/2026,49,16/06/2026,21/08/2026,49
Limestone Terrace Wall B (Stage 2),1.2.3.5.1.2.14.1.4.2,11/07/2026,1/09/2026,37,11/07/2026,1/09/2026,37
Limestone Terrace Wall C (Stage 2),1.2.3.5.1.2.14.1.4.3,29/07/2026,12/09/2026,33,29/07/2026,12/09/2026,33
RW-M9,1.2.3.5.1.2.14.2,21/05/2026,8/07/2026,34,21/05/2026,8/07/2026,34
RW-M9 Base,1.2.3.5.1.2.14.2.1,21/05/2026,10/06/2026,14,21/05/2026,10/06/2026,14
RW-M9 Wall,1.2.3.5.1.2.14.2.2,5/06/2026,8/07/2026,24,5/06/2026,8/07/2026,24
SE Staircase,1.2.3.5.1.2.14.3,8/08/2026,9/11/2026,65,8/08/2026,9/11/2026,65
SE staircase key (RW-M8) (upper stage),1.2.3.5.1.2.14.3.3,8/08/2026,28/08/2026,15,8/08/2026,28/08/2026,15
SE staircase key (RW-M8) (lower stage),1.2.3.5.1.2.14.3.4,29/08/2026,23/09/2026,18,29/08/2026,23/09/2026,18
SE staircase key (RW-M7),1.2.3.5.1.2.14.3.5,24/09/2026,23/10/2026,21,24/09/2026,23/10/2026,21
SE staircase (stair section),1.2.3.5.1.2.14.3.6,21/10/2026,9/11/2026,14,21/10/2026,9/11/2026,14
REDACTED St Pavement Reinstatement,1.2.3.5.1.2.1,21/10/2026,21/11/2026,23,21/10/2026,21/11/2026,23
Post SW temp jetty removal incl. Hard Landscaping,1.2.3.5.1.2.2,11/06/2026,24/07/2026,32,11/06/2026,24/07/2026,32
Post-Jetty Reinstatement,1.2.3.5.1.2.2.1,11/06/2026,3/07/2026,17,11/06/2026,3/07/2026,17
West of Bridge to REDACTED St Gate 2,1.2.3.5.1.2.2.2,20/06/2026,24/07/2026,25,20/06/2026,24/07/2026,25
SW Hard Landscaping - North of REDACTED St - Concrete Footpath Type C,1.2.3.5.1.2.2.3,26/06/2026,15/07/2026,14,26/06/2026,15/07/2026,14
SW Hard Landscaping - South of REDACTED St - Concrete Footpath Type C,1.2.3.5.1.2.2.4,2/07/2026,18/07/2026,12,2/07/2026,18/07/2026,12
Post SE temp jetty removal incl. Hard Landscaping,1.2.3.5.1.2.3,15/06/2026,16/10/2026,89,15/06/2026,16/10/2026,89
Post-Jetty Reinstatement,1.2.3.5.1.2.3.1,15/06/2026,22/08/2026,50,15/06/2026,22/08/2026,50
Revetment install - east of bridge (Section L),1.2.3.5.1.2.3.4,22/06/2026,2/07/2026,9,22/06/2026,2/07/2026,9
Revetment install - under bridge,1.2.3.5.1.2.3.2,3/07/2026,14/07/2026,8,3/07/2026,14/07/2026,8
Revetment install - east of bridge (Section K),1.2.3.5.1.2.3.3,24/08/2026,1/09/2026,7,24/08/2026,1/09/2026,7
REDACTED St Drainage,1.2.3.5.1.2.3.5,2/09/2026,17/09/2026,12,2/09/2026,17/09/2026,12
SE Hard Landscaping - South of REDACTED St - Concrete Footpath Type C,1.2.3.5.1.2.3.6,14/09/2026,12/10/2026,20,14/09/2026,12/10/2026,20
SE Hard Landscaping - North of REDACTED St - Concrete Footpath Type C,1.2.3.5.1.2.3.7,14/09/2026,16/10/2026,24,14/09/2026,16/10/2026,24
Soft Landscaping,1.2.3.5.1.2.4,12/10/2026,28/11/2026,35,12/10/2026,28/11/2026,35
Soft Landscaping works,1.2.3.5.1.2.6,11/06/2026,28/10/2026,99,11/06/2026,28/10/2026,99
South West - Soft Landscaping Works,1.2.3.5.1.2.6.1,11/06/2026,20/10/2026,93,11/06/2026,20/10/2026,93
South East - Soft Landscaping Works,1.2.3.5.1.2.6.2,17/06/2026,28/10/2026,95,17/06/2026,28/10/2026,95
Northern Approach,1.2.3.5.2,5/01/2026,9/11/2026,214,5/01/2026,9/11/2026,214
Works for OFT,1.2.3.5.2.1,5/01/2026,18/09/2026,179,5/01/2026,18/09/2026,179
Road Works Ch 160 - 350,1.2.3.5.2.1.1,5/01/2026,29/05/2026,100,5/01/2026,29/05/2026,100
Earthworks & Civil QVS CH160 - CH350,1.2.3.5.2.1.1.1,5/01/2026,27/02/2026,39,5/01/2026,27/02/2026,39
North Drainage,1.2.3.5.2.1.1.1.1,5/01/2026,23/02/2026,35,5/01/2026,23/02/2026,35
North East Enabling Works,1.2.3.5.2.1.1.1.1.1,2/02/2026,16/02/2026,11,2/02/2026,16/02/2026,11
Northwest (QVS2) asbestos removal under gate,1.2.3.5.2.1.1.1.1.2,2/02/2026,23/02/2026,16,2/02/2026,23/02/2026,16
Existing Road Demolition,1.2.3.5.2.1.1.1.2,2/02/2026,27/02/2026,20,2/02/2026,27/02/2026,20
Roadworks - Early Works NE CH160 - CH240,1.2.3.5.2.1.1.2,7/04/2026,29/05/2026,38,7/04/2026,29/05/2026,38
Demo and Pavement Prep,1.2.3.5.2.1.1.2.1,7/04/2026,16/04/2026,8,7/04/2026,16/04/2026,8
"Earthworks, drainage and services",1.2.3.5.2.1.1.2.2,17/04/2026,29/05/2026,30,17/04/2026,29/05/2026,30
Pavements,1.2.3.5.2.1.1.2.3,6/05/2026,27/05/2026,16,6/05/2026,27/05/2026,16
Post-Bridge Closure Abutment FRP & Road Works Ch 350 - 380,1.2.3.5.2.1.2,7/01/2026,18/08/2026,154,7/01/2026,18/08/2026,154
Temporary Sheet Pile Removal,1.2.3.5.2.1.2.1,12/03/2026,17/03/2026,4,12/03/2026,17/03/2026,4
Excavation,1.2.3.5.2.1.2.2,13/03/2026,27/03/2026,11,13/03/2026,27/03/2026,11
Revetment & armour rock installation (central section),1.2.3.5.2.1.2.3,30/03/2026,10/04/2026,8,30/03/2026,10/04/2026,8
North-East Backwall,1.2.3.5.2.1.2.4,14/03/2026,15/04/2026,21,14/03/2026,15/04/2026,21
North-West Backwall,1.2.3.5.2.1.2.5,23/03/2026,14/04/2026,15,23/03/2026,14/04/2026,15
Link Slab,1.2.3.5.2.1.2.6,11/04/2026,28/04/2026,11,11/04/2026,28/04/2026,11
Skirt Wall,1.2.3.5.2.1.2.7,11/04/2026,5/05/2026,16,11/04/2026,5/05/2026,16
Shear Key,1.2.3.5.2.1.2.8,28/04/2026,6/05/2026,7,28/04/2026,6/05/2026,7
Backwall (Central Section),1.2.3.5.2.1.2.9[duplicate],30/04/2026,21/05/2026,16,30/04/2026,21/05/2026,16
Main Alignment QVS Earthworks,1.2.3.5.2.1.2.10,19/05/2026,29/06/2026,29,19/05/2026,29/06/2026,29
NW Drainage (under PTA maintenance track),1.2.3.5.2.1.2.10.1,4/06/2026,29/06/2026,18,4/06/2026,29/06/2026,18
Earthworks and drainage CH350 - CH380,1.2.3.5.2.1.2.11,7/01/2026,24/07/2026,137,7/01/2026,24/07/2026,137
Main Alignment QVS Drainage CH160-CH380,1.2.3.5.2.1.2.11.3[duplicate],7/01/2026,24/07/2026,137,7/01/2026,24/07/2026,137
Initial Pavement Construction CH160-CH370,1.2.3.5.2.1.2.11.8,25/05/2026,17/07/2026,39,25/05/2026,17/07/2026,39
Northern Approach Slab,1.2.3.5.2.1.2.13,18/07/2026,18/08/2026,22,18/07/2026,18/08/2026,22
Road Works - Pavement & Finishes,1.2.3.5.2.1.3,7/07/2026,18/09/2026,54,7/07/2026,18/09/2026,54
Pavement Construction QVS - MCQS,1.2.3.5.2.1.3.4,18/07/2026,28/08/2026,30,18/07/2026,28/08/2026,30
Main Alignment Road Furniture & Finishing Works,1.2.3.5.2.1.3.5,7/07/2026,8/09/2026,46,7/07/2026,8/09/2026,46
Median kerbing CH340-160,1.2.3.5.2.1.3.5.1,29/08/2026,5/09/2026,5,29/08/2026,5/09/2026,5
NW TL4 slipform barrier install CH240 - CH340,1.2.3.5.2.1.3.5.2,7/07/2026,8/07/2026,2,7/07/2026,8/07/2026,2
NE TL4 slipform barrier install CH270 - CH340,1.2.3.5.2.1.3.5.3,9/07/2026,15/07/2026,5,9/07/2026,15/07/2026,5
NE bridge transition barrier FRP,1.2.3.5.2.1.3.5.4,10/07/2026,19/07/2026,6,10/07/2026,19/07/2026,6
NW bridge transition barrier FRP,1.2.3.5.2.1.3.5.5,13/07/2026,27/07/2026,11,13/07/2026,27/07/2026,11
NE TL4 concrete to TL2 transition barrier in-situ end terminal,1.2.3.5.2.1.3.5.6,15/07/2026,27/07/2026,9,15/07/2026,27/07/2026,9
NE Installation of thriebeam & terminal,1.2.3.5.2.1.3.5.7,7/09/2026,8/09/2026,2,7/09/2026,8/09/2026,2
Final Asphalt & Line Marking,1.2.3.5.2.1.3.7,9/09/2026,18/09/2026,8,9/09/2026,18/09/2026,8
Works for Bridge Completion,1.2.3.5.2.2,14/05/2026,9/11/2026,126,14/05/2026,9/11/2026,126
North-West,1.2.3.5.2.2.6,14/05/2026,20/08/2026,70,14/05/2026,20/08/2026,70
"NW Civil, Earthworks & Pavements",1.2.3.5.2.2.6.3,14/05/2026,20/08/2026,70,14/05/2026,20/08/2026,70
Jetty Abutment Demo & Earthworks Prep,1.2.3.5.2.2.6.3.1,14/05/2026,16/07/2026,45,14/05/2026,16/07/2026,45
NW Revetment & Armour Rock Installation - Bottom Bench & Backfill,1.2.3.5.2.2.6.3.2,27/05/2026,25/06/2026,21,27/05/2026,25/06/2026,21
"NW PTA Track Embankment Works - Earthworks, Drainage, Street Lights",1.2.3.5.2.2.6.3.4,2/06/2026,18/07/2026,34,2/06/2026,18/07/2026,34
NW PTA Track Embankment Works - Drainage & Kerbing,1.2.3.5.2.2.6.3.6,20/07/2026,25/07/2026,5,20/07/2026,25/07/2026,5
PTA Car Park,1.2.3.5.2.2.6.3.7,1/07/2026,14/08/2026,33,1/07/2026,14/08/2026,33
NW Pavement construction,1.2.3.5.2.2.6.3.9,1/08/2026,20/08/2026,14,1/08/2026,20/08/2026,14
NW FRP,1.2.3.5.2.2.6.2,26/06/2026,10/08/2026,32,26/06/2026,10/08/2026,32
RW-M1 & M2 Base Slab,1.2.3.5.2.2.6.2.1,26/06/2026,9/07/2026,10,26/06/2026,9/07/2026,10
Northwest Stairs to 3rd Landing,1.2.3.5.2.2.6.2.2,26/06/2026,11/07/2026,11,26/06/2026,11/07/2026,11
RW-M1 & M2 Walls,1.2.3.5.2.2.6.2.3,10/07/2026,10/08/2026,22,10/07/2026,10/08/2026,22
NW Stairs - Top Landing,1.2.3.5.2.2.6.2.4,13/07/2026,31/07/2026,15,13/07/2026,31/07/2026,15
North-East,1.2.3.5.2.2.7,18/06/2026,9/11/2026,102,18/06/2026,9/11/2026,102
"NE Civil, Earthworks & Pavements ",1.2.3.5.2.2.7.1,31/07/2026,9/11/2026,71,31/07/2026,9/11/2026,71
Jetty Abutment Demo & Earthworks Prep,1.2.3.5.2.2.7.1.1,17/08/2026,3/09/2026,14,17/08/2026,3/09/2026,14
Scour Protection,1.2.3.5.2.2.7.1.4,31/07/2026,25/09/2026,41,31/07/2026,25/09/2026,41
NE Revetment & Armour Rock Installation - Bottom Bench & Backfill,1.2.3.5.2.2.7.1.2,4/09/2026,17/09/2026,10,4/09/2026,17/09/2026,10
NE Embankment Works,1.2.3.5.2.2.7.1.5,28/08/2026,25/09/2026,21,28/08/2026,25/09/2026,21
Signage,1.2.3.5.2.2.7.1.6,26/09/2026,8/10/2026,8,26/09/2026,8/10/2026,8
NE ITS & Street Lighting,1.2.3.5.2.2.7.1.3,7/09/2026,17/10/2026,29,7/09/2026,17/10/2026,29
NE Footpath Installation,1.2.3.5.2.2.7.1.7,13/10/2026,30/10/2026,14,13/10/2026,30/10/2026,14
NE Hard Landscaping,1.2.3.5.2.2.7.1.8,4/11/2026,9/11/2026,4,4/11/2026,9/11/2026,4
NE Soft Landscaping (CH220-360),1.2.3.5.2.2.7.1.9,26/09/2026,10/10/2026,9,26/09/2026,10/10/2026,9
NE FRP,1.2.3.5.2.2.7.4,18/06/2026,23/10/2026,91,18/06/2026,23/10/2026,91
RW-M3 base slab (underside at RL7.8),1.2.3.5.2.2.7.4.1,18/06/2026,26/06/2026,7,18/06/2026,26/06/2026,7
RW-M4 base slab (underside at RL6.8),1.2.3.5.2.2.7.4.2,18/09/2026,30/09/2026,8,18/09/2026,30/09/2026,8
RW-M3 wall,1.2.3.5.2.2.7.4.3,27/06/2026,20/07/2026,16,27/06/2026,20/07/2026,16
RW-M4 wall,1.2.3.5.2.2.7.4.4,9/07/2026,23/10/2026,76,9/07/2026,23/10/2026,76
Northeast stairs to 2nd landing (RL7.7),1.2.3.5.2.2.7.4.5,18/09/2026,30/09/2026,8,18/09/2026,30/09/2026,8
Northeast stair to top landing (underside @RL9.5),1.2.3.5.2.2.7.4.6,1/10/2026,12/10/2026,8,1/10/2026,12/10/2026,8
On-Bridge Civil Works,1.2.3.5.3,5/08/2026,22/09/2026,35,5/08/2026,22/09/2026,35
Bituminous Surfacing,1.2.3.5.3.1,5/08/2026,11/08/2026,5,5/08/2026,11/08/2026,5
Kerb Installation,1.2.3.5.3.2,11/08/2026,18/08/2026,6,11/08/2026,18/08/2026,6
Median Infills,1.2.3.5.3.3,19/08/2026,24/08/2026,4,19/08/2026,24/08/2026,4
Asphalt Surfacing,1.2.3.5.3.4,25/08/2026,9/09/2026,12,25/08/2026,9/09/2026,12
Linemarking,1.2.3.5.3.5,10/09/2026,16/09/2026,5,10/09/2026,16/09/2026,5
Finishes,1.2.3.5.3.6,5/08/2026,22/09/2026,35,5/08/2026,22/09/2026,35
Civil & ITS Improvement Works,1.2.4,25/05/2025,15/01/2027,401,25/05/2025,15/01/2027,401
Civil Improvements,1.2.4.1,25/05/2025,20/04/2026,220,25/05/2025,20/04/2026,220
REDACTED St and REDACTED St,1.2.4.1.4,5/06/2025,27/11/2025,125,5/06/2025,27/11/2025,125
REDACTED Hwy and REDACTED Hwy,1.2.4.1.2,10/06/2025,20/04/2026,210,10/06/2025,20/04/2026,210
Western side of Stirling - median works,1.2.4.1.2.1,27/10/2025,29/01/2026,58,27/10/2025,29/01/2026,58
Stirling NW turning pocket,1.2.4.1.2.1.1,27/10/2025,29/01/2026,58,27/10/2025,29/01/2026,58
NW kidney island temp lane widening,1.2.4.1.2.1.1.1,2/12/2025,25/01/2026,29,2/12/2025,25/01/2026,29
Eastern Side of REDACTED Hwy - median works,1.2.4.1.2.2,27/10/2025,24/01/2026,55,27/10/2025,24/01/2026,55
REDACTED Hwy & REDACTED Hwy NE (ultimate),1.2.4.1.2.3,12/11/2025,22/01/2026,42,12/11/2025,22/01/2026,42
NE kidney island civil ultimate design works,1.2.4.1.2.3.1,4/12/2025,22/01/2026,26,4/12/2025,22/01/2026,26
REDACTED Hwy & REDACTED Hwy SE,1.2.4.1.2.4,12/11/2025,23/01/2026,43,12/11/2025,23/01/2026,43
SE kidney island civil ultimate design works,1.2.4.1.2.4.1,1/12/2025,23/01/2026,30,1/12/2025,23/01/2026,30
REDACTED Hwy & REDACTED Hwy SW,1.2.4.1.2.4[duplicate],12/11/2025,19/01/2026,39,12/11/2025,19/01/2026,39
REDACTED St & REDACTED St Reinstatement Works,1.2.4.1.6,26/10/2025,6/11/2025,9,26/10/2025,6/11/2025,9
REDACTED Hwy and REDACTED St,1.2.4.1.3,25/05/2025,11/11/2025,120,25/05/2025,11/11/2025,120
Stirling & Marmion,1.2.4.1.3.1,24/06/2025,11/11/2025,100,24/06/2025,11/11/2025,100
REDACTED St and REDACTED St,1.2.4.1.5,6/06/2025,26/11/2025,123,6/06/2025,26/11/2025,123
REDACTED Rd and REDACTED Hwy,1.2.4.1[duplicate],19/06/2025,13/01/2026,138,19/06/2025,13/01/2026,138
"Traffic Signals, ITS and CCTV",1.2.4.2,12/06/2025,20/04/2026,208,12/06/2025,20/04/2026,208
Temporary CCTVs & bluetooths,1.2.4.2.5[duplicate],29/06/2025,15/12/2025,120,29/06/2025,15/12/2025,120
REDACTED Hwy / McCabe - temp CCTV,1.2.4.2.5[duplicate].7,29/06/2025,13/11/2025,98,29/06/2025,13/11/2025,98
REDACTED Hwy / Queen REDACTED St - temp CCTV,1.2.4.2.5[duplicate].3,30/09/2025,9/11/2025,29,30/09/2025,9/11/2025,29
REDACTED St / REDACTED St - temp CCTV / Signal Modifications,1.2.4.2.5[duplicate].14,15/07/2025,15/12/2025,109,15/07/2025,15/12/2025,109
South/Hampton - temp CCTV,1.2.4.2.5[duplicate].17[duplicate],9/07/2025,17/11/2025,93,9/07/2025,17/11/2025,93
REDACTED St / REDACTED St - temp CCTV,1.2.4.2.5[duplicate].17,9/07/2025,15/12/2025,113,9/07/2025,15/12/2025,113
High/Parry - temp CCTV,1.2.4.2.5[duplicate].17[duplicate][duplicate],9/07/2025,17/11/2025,93,9/07/2025,17/11/2025,93
Queen REDACTED St / REDACTED St - temp CCTV & Bluetooth,1.2.4.2.5[duplicate].5,4/08/2025,17/11/2025,75,4/08/2025,17/11/2025,75
REDACTED Hwy / Preston,1.2.4.2.5[duplicate].8,28/10/2025,15/12/2025,35,28/10/2025,15/12/2025,35
"MRWA deliverables (redstamps, personality cards, IP addresses)",1.2.4.2.18,15/07/2025,10/10/2025,63,15/07/2025,10/10/2025,63
Redstamp drawing approval,1.2.4.2.18.1,15/07/2025,1/09/2025,35,15/07/2025,1/09/2025,35
Personality cards,1.2.4.2.18.2,29/08/2025,10/10/2025,30,29/08/2025,10/10/2025,30
Cisco routers & IP Addresses,1.2.4.2.18.3,5/08/2025,8/10/2025,46,5/08/2025,8/10/2025,46
REDACTED Hwy / Queen REDACTED St -  Temp CCTV,1.2.4.2.1,8/07/2025,29/01/2026,136,8/07/2025,29/01/2026,136
Queen REDACTED St / REDACTED Rd - Replace CCTV,1.2.4.2.2,28/07/2025,29/01/2026,122,28/07/2025,29/01/2026,122
Queen REDACTED St / REDACTED St - perm CCTV & Bluetooth,1.2.4.2.4,16/07/2025,15/12/2025,108,16/07/2025,15/12/2025,108
REDACTED Hwy / REDACTED St (Signalised Upgrade),1.2.4.2.6,24/06/2025,16/12/2025,125,24/06/2025,16/12/2025,125
Stirling-High Procurement ,1.2.4.2.6.2,28/07/2025,6/10/2025,50,28/07/2025,6/10/2025,50
Underboring,1.2.4.2.6.1,7/08/2025,15/08/2025,7,7/08/2025,15/08/2025,7
"Pit, Conduit Install",1.2.4.2.6.3,25/08/2025,17/09/2025,18,25/08/2025,17/09/2025,18
"Equipment install (poles, cables, cabinet, lanterns)",1.2.4.2.6.4,21/08/2025,16/12/2025,83,21/08/2025,16/12/2025,83
Port REDACTED Rd / REDACTED Rd - perm replace CCTV,1.2.4.2.8,3/11/2025,29/01/2026,53,3/11/2025,29/01/2026,53
REDACTED Hwy / REDACTED St - perm CCTV,1.2.4.2.10,9/07/2025,12/11/2025,90,9/07/2025,12/11/2025,90
REDACTED Hwy / REDACTED St - perm CCTV,1.2.4.2.11,13/07/2025,11/11/2025,86,13/07/2025,11/11/2025,86
REDACTED Hwy / REDACTED Rd - Phasing Change - T-1,1.2.4.2.12,12/06/2025,19/02/2026,169,12/06/2025,19/02/2026,169
Stirling-Tydeman Electrical & cable install,1.2.4.2.12.1,17/11/2025,20/11/2025,4,17/11/2025,20/11/2025,4
REDACTED Hwy SB (12m CCTV & ITS Cabinet),1.2.4.2.4[duplicate],13/07/2025,19/12/2025,114,13/07/2025,19/12/2025,114
Procurement: REDACTED Hwy SB,1.2.4.2.4[duplicate].4[duplicate],13/07/2025,3/11/2025,80,13/07/2025,3/11/2025,80
REDACTED Hwy SB ITS Install,1.2.4.2.4[duplicate].2,13/07/2025,19/12/2025,114,13/07/2025,19/12/2025,114
"REDACTED St / REDACTED St - CCTV, Bluetooth, Signal Mods",1.2.4.2.13,16/06/2025,11/11/2025,106,16/06/2025,11/11/2025,106
High-East,1.2.4.2.13.1,5/10/2025,15/10/2025,8,5/10/2025,15/10/2025,8
High-East pit & conduit install,1.2.4.2.13.2,5/10/2025,15/10/2025,8,5/10/2025,15/10/2025,8
High-East Poles & cabling,1.2.4.2.13.4,19/10/2025,23/10/2025,4,19/10/2025,23/10/2025,4
High-East Controller Install,1.2.4.2.13.3,9/10/2025,11/11/2025,24,9/10/2025,11/11/2025,24
REDACTED Hwy / REDACTED Hwy - CCTV & Signal Mods,1.2.4.2.15,20/08/2025,20/04/2026,159,20/08/2025,20/04/2026,159
Stirling-Canning procurement,1.2.4.2.15.4,4/12/2025,17/02/2026,43,4/12/2025,17/02/2026,43
Canning-Stirling Underbores,1.2.4.2.15.2,8/12/2025,9/01/2026,15,8/12/2025,9/01/2026,15
"Pit & Conduit, Controller Install",1.2.4.2.15.3,5/01/2026,20/04/2026,72,5/01/2026,20/04/2026,72
Pole Relocation & Loops,1.2.4.2.15.5,6/01/2026,16/03/2026,48,6/01/2026,16/03/2026,48
REDACTED Hwy / Marmion - CCTV & Signal Mods,1.2.4.2.16,28/07/2025,29/01/2026,122,28/07/2025,29/01/2026,122
Stirling-Marmion Procurement,1.2.4.2.16.2,28/07/2025,13/10/2025,55,28/07/2025,13/10/2025,55
Stirling-Marmion Underboring,1.2.4.2.16.1,29/07/2025,4/08/2025,5,29/07/2025,4/08/2025,5
"Stirling Marmion - cabinet, conduit & cable install",1.2.4.2.16.3,9/09/2025,29/10/2025,36,9/09/2025,29/10/2025,36
Stirling-Marmion- final equipment install & commission,1.2.4.2.16.4,26/10/2025,29/01/2026,58,26/10/2025,29/01/2026,58
REDACTED Hwy / REDACTED St - perm CCTV,1.2.4.2.10[duplicate],9/07/2025,10/07/2025,2,9/07/2025,10/07/2025,2
Civil Reinstatement Works,1.2.4.4,16/11/2026,15/01/2027,35,16/11/2026,15/01/2027,35
Electrical / ITS,1.2.4.5,27/08/2026,27/08/2026,1,27/08/2026,27/08/2026,1
Electrical On Bridge,1.2.4.5.1,27/08/2026,27/08/2026,1,27/08/2026,27/08/2026,1
Towers Electrical,1.2.4.5.1.3,27/08/2026,27/08/2026,1,27/08/2026,27/08/2026,1
NE Tower Lighting Installation,1.2.4.5.1.3.1,27/08/2026,27/08/2026,1,27/08/2026,27/08/2026,1
PTA Scour Protection,2,18/05/2026,30/04/2027,238,18/05/2026,30/04/2027,238
